index,FIPS Code,edu_percent
0,1007,4.2
1,1009,2.7
2,1021,3.0
3,1073,9.5
4,1115,3.1
5,1117,5.8
6,1127,4.0
7,4013,12.8
8,4021,7.7
9,5035,4.5
10,6001,14.6
11,6013,17.2
12,6017,10.4
13,6037,12.7
14,6041,26.6
15,6059,15.8
16,6061,10.0
17,6065,10.6
18,6067,13.1
19,6069,7.0
20,6071,9.2
21,6073,14.0
22,6075,16.7
23,6081,17.1
24,6085,19.5
25,6113,18.4
26,8001,8.6
27,8005,21.5
29,8019,13.0
30,8031,15.5
31,8035,18.7
32,8039,7.7
33,8047,9.5
34,8059,19.8
35,8093,14.7
36,9003,13.0
37,9007,12.1
38,9013,16.7
39,10003,15.1
40,11001,17.8
41,12003,3.6
42,12011,9.7
43,12019,9.8
44,12031,8.9
45,12053,6.1
46,12057,8.6
47,12069,9.1
48,12086,10.8
49,12089,4.9
50,12095,11.6
51,12097,6.7
52,12099,11.9
53,12101,4.9
54,12103,10.0
55,12109,8.5
56,12117,9.4
57,13013,5.0
58,13015,4.7
59,13035,5.5
60,13045,7.5
61,13057,4.1
62,13063,6.0
63,13067,9.7
64,13077,7.1
65,13085,2.5
66,13089,19.3
67,13097,5.1
68,13113,4.7
69,13117,2.6
70,13121,14.5
71,13135,6.3
72,13143,3.1
73,13149,3.9
74,13151,3.8
75,13159,6.4
76,13171,5.7
77,13199,6.4
78,13211,6.8
79,13217,4.6
80,13223,2.1
81,13227,3.1
82,13231,4.1
83,13247,5.3
84,13255,6.0
85,13297,4.5
86,17005,8.6
87,17013,2.4
88,17027,4.6
89,17031,10.9
90,17037,17.0
91,17043,20.1
92,17063,6.2
93,17083,5.9
94,17089,9.9
95,17093,8.9
96,17097,17.4
97,17111,10.1
98,17117,4.6
99,17119,7.1
100,17133,5.0
101,17163,6.5
102,17197,7.7
103,18011,7.1
104,18013,8.4
105,18019,5.6
106,18029,4.2
107,18043,5.6
108,18057,11.4
109,18059,6.6
110,18061,3.8
111,18063,8.3
112,18073,6.2
113,18081,8.1
114,18089,6.3
115,18095,6.7
116,18097,11.4
117,18109,5.6
118,18111,3.9
119,18115,3.8
120,18127,10.8
121,18133,8.9
122,18143,4.7
123,18145,5.6
124,18161,5.3
125,18175,3.8
126,20091,23.9
127,20103,12.3
128,20107,4.9
129,20121,6.5
130,20209,6.6
131,21015,6.7
132,21023,3.1
133,21029,3.1
134,21037,5.7
135,21077,2.2
136,21081,3.7
137,21103,4.6
138,21111,9.7
139,21117,7.1
140,21185,7.1
141,21191,3.1
142,21211,6.1
143,21215,3.9
144,21223,2.9
145,22051,11.0
146,22071,10.8
147,22075,4.7
148,22087,3.7
149,22089,5.9
150,22093,5.6
151,22095,3.9
152,22103,11.3
153,24003,12.6
154,24005,12.7
155,24009,6.8
156,24013,6.7
157,24015,6.1
158,24017,6.7
159,24021,10.0
160,24025,12.9
161,24027,20.5
162,24031,33.2
163,24033,17.1
164,24035,6.1
165,24510,7.2
166,25005,6.0
167,25009,11.3
168,25017,17.3
169,25021,17.9
170,25023,11.4
171,25025,9.8
172,26087,5.0
173,26093,7.9
174,26099,7.3
175,26125,16.4
176,26147,6.5
177,26163,7.7
178,27003,9.3
179,27019,8.4
180,27025,6.3
181,27037,14.6
182,27053,16.0
183,27059,5.7
184,27079,7.9
185,27095,5.9
186,27123,14.3
187,27139,7.0
188,27141,10.5
189,27143,4.3
190,27163,12.0
191,27171,5.9
192,28009,3.9
193,28033,5.3
194,28093,6.9
195,28137,5.9
196,28143,4.8
197,29013,4.1
198,29025,3.7
199,29037,6.8
200,29047,10.0
201,29049,7.0
202,29071,4.4
203,29095,9.5
204,29099,4.8
205,29107,7.3
206,29113,4.2
207,29165,11.8
208,29177,5.2
209,29183,7.3
210,29189,16.1
211,29219,4.4
212,29510,5.6
213,32003,10.0
214,33015,12.4
215,33017,10.6
216,34003,15.6
217,34005,12.6
218,34007,9.8
219,34013,12.2
220,34015,8.0
221,34017,5.6
222,34019,12.1
223,34023,11.2
224,34025,14.3
225,34027,19.9
226,34029,7.3
227,34031,8.4
228,34033,5.7
229,34035,19.0
230,34037,9.8
231,34039,14.0
232,36005,6.2
233,36027,14.0
234,36029,10.0
235,36047,6.6
236,36051,10.3
237,36055,14.5
238,36059,17.0
239,36061,20.7
240,36063,7.6
241,36069,10.5
242,36071,10.0
243,36073,6.9
244,36079,12.8
245,36081,10.2
246,36085,9.1
247,36087,18.4
248,36103,12.0
249,36117,7.5
250,36119,21.0
251,36123,9.5
252,37025,5.5
253,37053,2.9
254,37069,4.3
255,37071,5.7
256,37073,3.0
257,37097,5.8
258,37101,4.2
259,37109,5.0
260,37119,13.9
261,37159,6.6
262,37179,5.3
263,37183,17.1
264,39015,3.9
265,39017,8.5
266,39025,5.5
267,39035,11.1
268,39041,11.5
269,39045,6.3
270,39049,14.5
271,39055,14.5
272,39061,12.7
273,39073,5.1
274,39085,8.9
275,39089,7.4
276,39093,7.1
277,39097,4.6
278,39103,8.3
279,39117,4.0
280,39127,2.8
281,39129,5.9
282,39159,6.7
283,39165,5.9
284,40017,7.9
285,40027,20.2
286,40051,7.8
287,40081,5.9
288,40083,7.7
289,40087,4.9
290,40109,13.1
291,41005,13.8
292,41009,7.0
293,41051,12.0
294,41067,17.9
295,41071,9.7
296,42003,11.1
297,42005,4.4
298,42007,6.2
299,42017,12.1
300,42019,7.7
301,42029,17.1
302,42045,13.9
303,42051,4.6
304,42091,17.3
305,42101,6.8
306,42103,8.5
307,42125,6.3
308,42129,7.0
309,44001,15.1
310,44003,9.1
311,44005,14.0
312,44007,7.9
313,44009,14.0
314,45023,6.4
315,45057,5.4
316,45091,8.0
317,47015,2.7
318,47021,3.0
319,47037,12.1
320,47043,3.3
321,47047,4.0
322,47081,2.5
323,47111,2.4
324,47119,5.3
325,47147,4.2
326,47149,9.9
327,47157,9.9
328,47159,3.7
329,47165,6.7
330,47167,3.4
331,47169,3.0
332,47187,9.8
333,47189,5.6
334,48013,5.8
335,48015,4.1
336,48019,6.6
337,48021,4.7
338,48029,10.4
339,48039,10.0
340,48055,6.5
341,48071,6.4
342,48085,10.4
343,48091,7.2
344,48113,14.5
345,48121,16.1
346,48139,6.7
347,48157,6.3
348,48167,10.4
349,48187,7.4
350,48201,14.7
351,48209,15.6
352,48221,7.1
353,48231,12.1
354,48251,6.0
355,48257,5.0
356,48259,8.1
357,48291,5.0
358,48325,4.9
359,48339,8.4
360,48367,7.0
361,48397,8.7
362,48425,4.7
363,48439,11.8
364,48453,19.5
365,48473,13.4
366,48491,5.8
367,48493,4.6
368,48497,5.9
369,49035,15.0
370,49045,9.9
371,51007,5.5
372,51013,29.6
373,51033,4.7
374,51036,4.3
375,51041,13.5
376,51043,9.7
377,51047,6.6
378,51053,4.1
379,51059,30.3
380,51061,8.9
381,51073,6.5
382,51075,5.1
383,51085,7.6
384,51087,14.3
385,51093,3.6
386,51095,12.0
387,51101,8.3
388,51107,12.4
389,51115,6.9
390,51127,3.5
391,51145,5.9
392,51149,10.5
393,51153,12.6
394,51157,3.1
395,51177,5.4
396,51179,7.3
397,51183,6.1
398,51187,4.5
399,51199,11.4
400,51510,25.5
401,51550,5.3
402,51570,9.7
403,51600,24.5
404,51610,25.0
405,51630,18.3
406,51650,11.5
407,51670,7.8
410,51700,11.6
411,51710,9.4
412,51730,9.5
414,51740,6.2
415,51760,11.7
416,51800,6.4
417,51810,13.7
418,51830,32.3
419,53011,9.3
420,53033,17.3
421,53053,10.1
422,53059,9.0
423,53061,9.5
424,54037,10.4
425,55059,6.8
426,55079,10.3
427,55089,15.5
428,55093,8.9
429,55109,9.9
430,55131,7.9
431,55133,15.4
472,1001,6.4
473,1003,6.5
474,1015,7.5
475,1033,5.8
476,1051,5.4
477,1055,5.2
478,1061,4.5
479,1065,5.0
480,1067,4.8
481,1069,7.0
482,1077,8.3
483,1079,2.4
484,1081,16.6
485,1083,6.2
486,1085,5.0
487,1089,18.8
488,1097,7.5
489,1101,12.7
490,1103,8.4
491,1107,4.6
492,1113,3.0
493,1125,10.9
494,2020,15.9
495,2090,16.7
496,2170,7.6
497,4003,10.7
498,4005,16.1
499,4015,7.0
500,4019,15.7
501,4025,11.3
502,4027,8.7
503,5007,6.2
504,5025,2.2
505,5031,8.8
506,5033,3.6
507,5045,10.5
508,5051,6.7
509,5053,3.7
510,5069,7.6
511,5079,2.4
512,5081,5.1
513,5085,4.2
514,5087,4.0
515,5091,5.3
516,5105,3.4
517,5111,3.6
518,5119,11.4
519,5125,5.4
520,5131,7.2
521,5143,12.8
522,6007,11.0
523,6019,10.2
524,6025,7.3
525,6029,8.9
526,6031,8.6
527,6039,7.0
528,6047,8.3
529,6053,15.0
530,6055,11.4
531,6077,8.0
532,6079,11.1
533,6083,17.9
534,6087,13.2
535,6089,8.6
536,6095,9.3
537,6097,11.1
538,6099,8.2
539,6101,10.7
540,6107,7.2
541,6111,12.3
542,6115,8.1
543,8013,26.5
544,8041,16.5
545,8069,19.5
546,8077,10.5
547,8101,8.1
548,8119,12.8
549,8123,12.0
550,9001,17.6
551,9009,11.7
552,9011,11.1
553,9015,8.0
554,10001,9.6
555,10005,6.8
556,12001,23.1
557,12005,9.2
558,12009,15.1
559,12015,8.8
560,12017,6.0
561,12021,15.5
562,12033,9.2
563,12035,4.7
564,12039,4.6
565,12041,2.7
566,12045,5.7
567,12055,8.1
568,12061,10.7
569,12065,6.1
570,12071,9.9
571,12073,24.1
572,12081,9.6
573,12083,7.4
574,12085,7.9
575,12091,13.2
576,12105,8.8
577,12111,8.1
578,12113,9.8
579,12115,14.2
580,12119,4.7
581,12127,10.7
582,12129,1.8
583,12131,6.7
584,13007,2.8
585,13021,9.2
586,13025,2.3
587,13027,5.1
588,13029,4.2
589,13033,4.9
590,13047,2.9
591,13051,8.8
592,13053,19.4
593,13059,27.8
594,13073,5.4
595,13079,2.6
596,13083,3.5
597,13095,9.5
598,13101,1.2
599,13103,2.8
600,13115,7.1
601,13127,10.0
602,13139,7.5
603,13145,7.1
604,13153,9.6
605,13169,5.0
606,13173,4.0
607,13177,5.7
608,13179,9.1
609,13181,4.3
610,13183,3.9
611,13185,10.1
612,13189,4.4
613,13191,5.6
614,13195,2.7
615,13197,4.1
616,13207,6.5
617,13213,3.3
618,13215,10.0
619,13219,9.1
620,13221,3.3
621,13225,11.0
622,13235,6.9
623,13245,10.9
624,13273,4.8
625,13289,2.2
626,13295,4.8
627,13313,5.5
628,13321,3.4
629,15003,15.5
631,15009,7.9
632,16001,13.6
633,16005,11.5
634,16015,6.3
635,16019,15.1
636,16023,7.2
637,16027,8.8
638,16041,7.9
639,16045,4.5
640,16051,5.5
641,16055,7.9
642,16069,10.4
643,16073,8.0
644,17003,3.4
645,17007,7.3
646,17019,24.3
647,17039,6.3
648,17053,7.6
649,17073,5.9
650,17077,18.6
651,17091,6.6
652,17113,15.2
653,17115,8.9
654,17123,7.5
655,17129,4.8
656,17131,4.4
657,17143,10.6
658,17147,8.0
659,17161,8.5
660,17167,10.4
661,17175,7.3
662,17179,7.7
663,17183,6.4
664,17199,6.2
665,17201,8.4
666,17203,6.9
667,18003,10.2
668,18005,10.6
669,18007,6.5
670,18015,6.0
671,18021,4.6
672,18035,9.8
673,18039,8.6
674,18067,8.2
675,18091,6.5
676,18105,27.4
677,18119,3.1
678,18129,4.7
679,18141,9.6
680,18153,4.1
681,18157,20.6
682,18163,9.0
683,18165,3.6
684,18167,10.0
685,18173,6.4
686,18179,6.2
687,18183,5.5
688,19011,5.6
689,19013,10.1
690,19017,8.9
691,19049,6.9
692,19061,10.1
693,19075,6.6
694,19077,4.5
695,19085,4.3
696,19103,30.8
697,19105,6.4
698,19113,11.9
699,19121,4.8
700,19129,6.0
701,19149,8.2
702,19153,12.8
703,19155,5.5
704,19163,10.7
705,19169,28.0
706,19181,9.1
707,19183,7.2
708,19193,9.9
709,20015,7.9
710,20043,5.8
711,20045,24.8
712,20079,11.6
713,20085,5.3
714,20087,6.6
715,20095,7.1
716,20139,5.2
717,20149,8.2
718,20161,25.7
719,20173,12.5
720,20177,13.3
721,20191,6.6
722,20197,6.0
723,21003,2.6
724,21017,6.6
725,21019,7.8
726,21031,3.1
727,21047,6.2
728,21049,6.8
729,21059,8.7
730,21061,2.2
731,21067,17.2
732,21089,4.3
733,21091,3.9
734,21093,7.5
735,21101,5.5
736,21113,11.8
737,21123,4.6
738,21149,2.8
739,21163,14.0
740,21209,8.6
741,21221,3.8
742,21227,10.6
743,21239,9.6
744,22001,4.8
745,22005,4.3
746,22015,7.7
747,22017,11.3
748,22019,9.1
749,22023,3.8
750,22031,6.4
751,22033,16.6
752,22037,4.4
753,22043,4.6
754,22045,5.8
755,22047,3.9
756,22055,13.5
757,22057,5.7
758,22063,4.8
759,22073,10.6
760,22077,3.9
761,22079,9.0
762,22091,5.3
763,22099,3.6
764,22105,7.8
765,22109,5.7
766,22111,5.1
767,22113,4.3
768,22119,6.7
769,22121,6.3
770,22125,2.9
771,23001,6.2
772,23005,11.6
773,23019,9.7
774,23023,8.0
775,23031,7.7
776,24001,6.7
777,24037,10.3
778,24039,3.5
779,24043,6.6
780,24045,8.7
781,24047,5.6
782,25001,15.3
783,25003,10.7
784,25013,9.3
785,25015,15.5
786,25027,8.9
787,26015,6.3
788,26017,6.2
789,26021,9.4
790,26025,8.1
791,26027,6.0
792,26037,6.6
793,26045,9.8
794,26049,7.4
795,26065,18.1
796,26075,7.6
797,26077,14.5
798,26081,10.1
799,26111,21.6
800,26115,5.1
801,26117,5.6
802,26121,6.8
803,26139,8.5
804,26145,7.4
805,26159,6.1
806,26161,27.4
807,27009,8.4
808,27013,13.8
809,27017,6.3
810,27027,12.5
811,27039,6.5
812,27045,6.3
813,27055,5.8
814,27103,10.1
815,27109,18.0
816,27119,6.4
817,27137,9.4
818,27145,9.3
819,27157,5.3
820,28029,6.2
821,28035,13.2
822,28045,8.8
823,28047,9.5
824,28049,15.9
825,28059,8.8
826,28073,5.0
827,28089,6.4
828,28111,4.1
829,28121,5.0
830,28127,4.9
831,28163,6.8
832,29003,5.9
833,29017,2.9
834,29019,27.2
835,29021,6.4
836,29027,6.9
837,29031,9.6
838,29043,4.7
839,29051,12.6
840,29059,4.1
841,29063,3.7
842,29077,9.8
843,29097,6.7
844,29119,3.3
845,29135,4.9
846,29145,6.2
847,29151,3.9
848,29167,5.8
849,29225,3.0
850,30009,7.2
851,30013,12.9
852,30037,11.5
853,30063,18.6
854,30111,13.1
855,31025,5.4
856,31043,5.8
857,31051,5.2
858,31055,12.8
859,31079,7.8
860,31081,5.3
861,31093,5.9
862,31109,17.5
863,31121,6.6
864,31153,15.0
865,31155,4.8
866,31159,8.1
867,31177,7.5
868,32029,13.5
869,32031,13.6
870,32510,15.1
871,33011,10.4
872,34001,6.2
873,34009,7.3
874,34011,5.7
875,34021,14.1
876,34041,7.2
877,35001,16.9
878,35013,15.8
879,35043,9.5
880,35045,8.8
881,35049,16.5
882,35057,6.3
883,35061,6.9
884,36001,13.8
885,36007,11.2
886,36015,10.1
887,36043,6.5
888,36045,7.4
889,36053,10.6
890,36065,9.3
891,36067,14.5
892,36075,7.8
893,36083,9.3
894,36091,11.7
895,36093,14.0
896,36095,7.0
897,36107,11.1
898,36109,28.4
899,36111,11.2
900,36113,11.3
901,36115,7.5
902,37001,8.5
903,37003,3.3
904,37019,4.0
905,37021,10.0
906,37023,5.6
907,37027,5.2
908,37035,8.4
909,37037,6.1
910,37049,8.3
911,37051,10.0
912,37057,5.2
913,37059,4.4
914,37063,15.6
915,37065,5.8
916,37067,11.8
917,37081,12.8
918,37087,5.2
919,37089,8.7
920,37093,4.4
921,37103,4.3
922,37115,4.8
923,37127,5.9
924,37129,9.7
925,37133,9.0
926,37135,31.8
927,37137,2.5
928,37141,3.4
929,37145,4.5
930,37147,10.6
931,37151,4.7
932,37157,4.6
933,37169,2.6
934,37191,7.1
935,37197,3.1
936,38015,12.2
937,38017,14.2
938,38035,15.5
939,38059,6.2
940,38065,2.1
941,38085,6.4
942,39003,6.9
943,39013,4.2
944,39019,4.3
945,39023,7.2
946,39051,5.4
947,39057,14.7
948,39081,4.8
949,39087,4.2
950,39095,9.4
951,39099,7.3
952,39109,6.9
953,39113,11.2
954,39133,12.3
955,39139,6.4
956,39151,7.1
957,39153,10.5
958,39155,6.5
959,39173,11.3
960,40031,11.3
961,40033,4.3
962,40037,5.0
963,40079,4.8
964,40111,5.9
965,40113,6.7
966,40117,5.6
967,40131,5.5
968,40135,5.5
969,40143,12.9
970,40145,3.7
971,41003,29.6
972,41017,9.6
973,41029,9.6
974,41033,6.6
975,41039,14.2
976,41043,6.8
977,41047,12.3
978,41053,13.5
979,42001,7.9
980,42011,6.6
981,42013,5.2
982,42021,5.4
983,42025,3.9
984,42027,23.2
985,42037,6.1
986,42041,12.5
987,42043,8.0
988,42049,8.8
989,42055,6.9
990,42069,6.0
991,42071,8.2
992,42075,6.0
993,42077,8.8
994,42079,5.5
995,42081,7.4
996,42085,7.8
997,42089,9.3
998,42093,7.0
999,42095,7.8
1000,42099,4.0
1001,42131,6.9
1002,42133,6.9
1003,45003,9.9
1004,45007,6.6
1005,45013,11.9
1006,45015,5.0
1007,45017,7.4
1008,45019,11.2
1009,45031,7.6
1010,45035,8.1
1011,45037,7.2
1012,45039,7.0
1013,45041,7.8
1014,45045,10.2
1015,45051,7.2
1016,45053,5.2
1017,45055,10.3
1018,45059,6.7
1019,45063,9.4
1020,45077,10.0
1021,45079,16.5
1022,45081,6.2
1023,45083,8.5
1024,45085,9.5
1025,45087,5.5
1026,46033,9.5
1027,46083,6.2
1028,46087,5.0
1029,46093,10.4
1030,46099,10.4
1031,46103,11.0
1032,46125,4.1
1033,46127,5.6
1034,47001,14.5
1035,47009,7.9
1036,47011,5.4
1037,47013,3.0
1038,47019,5.5
1039,47023,3.7
1040,47033,3.3
1041,47057,2.3
1042,47063,6.4
1043,47065,10.2
1044,47073,3.2
1045,47089,5.7
1046,47093,11.4
1047,47105,3.7
1048,47113,8.3
1049,47115,3.9
1050,47125,9.1
1051,47129,3.0
1052,47139,4.1
1053,47145,6.8
1054,47153,2.8
1055,47163,9.1
1056,47171,5.1
1057,47173,1.6
1058,47179,9.4
1059,48007,5.4
1060,48009,5.4
1061,48011,7.3
1062,48027,9.8
1063,48037,7.4
1064,48041,22.8
1065,48051,4.6
1066,48059,5.1
1067,48061,7.4
1068,48065,10.3
1069,48077,4.8
1070,48099,7.8
1071,48107,4.4
1072,48135,8.4
1073,48141,11.4
1074,48145,5.6
1075,48175,5.7
1076,48181,8.7
1077,48183,9.2
1078,48199,6.4
1079,48215,7.3
1080,48229,9.8
1081,48235,5.8
1082,48245,9.5
1083,48253,5.1
1084,48281,6.7
1085,48303,14.0
1086,48305,5.2
1087,48309,10.3
1088,48317,6.5
1089,48329,21.2
1090,48351,5.3
1091,48355,10.3
1092,48359,7.6
1093,48361,6.6
1094,48375,8.4
1095,48381,19.7
1096,48395,5.4
1097,48401,5.4
1098,48409,7.6
1099,48423,10.1
1100,48441,12.1
1101,48451,10.1
1102,48459,5.5
1103,48469,9.0
1104,48479,6.9
1105,48485,10.9
1106,49003,12.2
1107,49005,22.9
1108,49011,14.4
1109,49023,7.6
1110,49029,10.5
1111,49049,16.1
1112,49053,11.6
1113,49057,11.5
1114,50007,17.4
1115,50011,6.5
1116,50013,8.9
1117,51003,21.1
1118,51009,5.0
1119,51011,4.3
1120,51015,6.3
1121,51019,3.9
1122,51023,4.9
1123,51029,5.0
1124,51031,7.2
1125,51045,3.5
1126,51063,2.0
1127,51065,4.9
1128,51067,4.6
1129,51069,5.3
1130,51071,5.3
1131,51079,2.4
1132,51121,17.3
1133,51125,4.3
1134,51155,5.7
1135,51161,11.4
1136,51165,7.7
1137,51169,3.3
1138,51191,5.8
1139,51515,8.6
1140,51520,6.8
1141,51540,22.7
1142,51660,15.8
1143,51680,12.8
1144,51750,14.9
1145,51770,9.3
1146,51775,11.0
1147,51790,11.4
1148,51820,14.5
1149,51840,8.3
1150,53003,8.6
1151,53005,15.1
1152,53007,9.7
1153,53013,8.2
1154,53015,7.7
1155,53017,8.9
1156,53021,10.1
1157,53035,10.2
1158,53051,6.3
1159,53057,9.4
1160,53063,11.9
1161,53065,6.4
1162,53067,13.5
1163,53071,12.8
1164,53073,10.6
1165,53077,8.6
1166,54003,5.8
1167,54005,3.4
1168,54009,6.3
1169,54011,10.1
1170,54015,1.9
1171,54019,4.0
1172,54027,7.0
1173,54029,5.0
1174,54039,9.9
1175,54043,3.2
1176,54051,4.0
1177,54057,5.0
1178,54061,17.3
1179,54069,8.8
1180,54077,4.3
1181,54079,4.4
1182,54081,5.0
1183,54099,4.0
1184,54105,2.0
1185,54107,7.2
1186,55009,9.6
1187,55015,6.1
1188,55017,6.0
1189,55021,7.1
1190,55025,23.1
1191,55031,8.4
1192,55035,11.2
1193,55039,8.4
1194,55045,6.8
1195,55049,6.2
1196,55061,3.6
1197,55063,11.2
1198,55073,7.3
1199,55083,4.2
1200,55087,9.3
1201,55101,8.8
1202,55105,9.3
1203,55117,6.9
1204,55139,10.3
1205,56021,13.1
1206,56025,13.3
1236,1037,3.4
1237,1043,3.9
1238,1121,5.1
1239,4007,6.3
1240,5093,5.5
1241,5107,5.5
1242,5123,6.2
1243,6057,9.7
1244,8087,8.2
1245,9005,12.0
1246,12023,8.3
1247,12049,4.5
1248,12051,7.6
1249,12087,9.1
1250,12093,4.7
1251,12107,6.2
1252,13039,5.9
1253,13129,3.7
1254,13157,5.1
1255,13233,3.4
1256,13285,6.1
1257,13293,4.6
1258,17099,5.8
1259,17103,6.8
1260,17105,5.9
1261,17121,5.2
1262,17141,7.3
1263,18023,6.0
1264,18031,5.5
1265,18041,4.3
1266,18053,7.2
1267,18065,5.4
1268,18077,7.2
1269,18107,8.2
1270,20005,8.6
1271,20059,9.3
1272,21005,5.3
1273,21073,11.9
1274,21161,4.8
1275,21179,7.1
1276,22117,6.4
1277,24041,10.3
1278,26155,6.2
1279,27035,7.0
1280,27049,7.4
1281,27085,6.4
1282,27131,11.2
1283,28071,18.5
1284,28109,7.1
1285,29101,15.7
1286,29159,6.3
1287,29187,5.2
1288,29195,7.4
1289,32005,10.7
1290,32023,7.5
1291,33001,9.5
1292,33013,11.5
1293,36009,7.3
1294,36013,7.5
1295,36021,8.1
1296,36037,8.0
1297,36099,7.9
1298,36101,9.4
1299,37029,4.3
1300,37045,6.0
1301,37055,6.2
1302,37077,4.6
1303,37085,4.8
1304,37139,8.5
1305,37143,5.9
1306,37167,5.4
1307,37181,6.2
1308,37193,3.8
1309,37195,7.8
1310,39005,9.2
1311,39007,5.5
1312,39009,14.8
1313,39021,4.7
1314,39027,7.7
1315,39029,4.8
1316,39031,5.1
1317,39033,6.4
1318,39043,8.0
1319,39047,4.6
1320,39077,6.0
1321,39083,8.4
1322,39091,4.2
1323,39101,5.9
1324,39119,5.9
1325,39141,5.8
1326,39169,8.7
1327,40119,21.4
1328,40125,6.9
1329,40137,6.9
1330,41007,8.8
1331,41027,6.9
1332,41065,8.2
1333,42063,8.0
1334,42073,6.2
1335,42111,4.3
1336,42121,5.5
1337,47003,5.2
1338,47031,10.8
1339,47087,1.7
1340,47099,2.3
1341,47117,4.0
1342,47141,8.0
1343,47177,4.1
1344,48097,6.7
1345,48143,8.4
1346,48213,5.6
1347,48223,6.5
1348,48265,10.7
1349,48321,7.9
1350,48349,6.3
1351,48363,9.8
1352,48463,8.2
1353,48471,12.9
1354,48477,6.9
1355,48481,7.4
1356,49043,9.2
1357,49051,9.5
1358,53029,12.9
1359,53037,16.1
1360,53041,6.8
1361,53045,8.6
1362,55027,6.0
1363,55033,9.4
1364,55055,8.2
1365,55127,11.5
1368,1029,2.7
1369,1105,7.1
1370,1111,3.7
1371,1133,3.3
1373,5037,3.8
1374,6003,3.0
1375,6005,8.4
1376,6011,10.0
1377,8065,7.2
1378,12007,4.5
1379,12043,3.1
1380,12125,3.3
1381,13049,5.5
1382,13111,3.5
1383,13123,4.0
1384,13133,5.7
1385,13187,5.2
1386,13237,7.5
1387,13263,6.7
1388,17051,3.8
1389,17061,5.0
1390,17075,5.2
1391,17135,5.0
1392,17157,3.9
1393,17189,4.0
1394,18025,3.6
1395,18047,4.8
1396,18117,5.1
1397,18121,6.1
1398,18131,5.9
1399,18137,4.2
1400,18139,4.8
1401,18149,3.6
1402,18155,3.8
1403,18159,5.9
1404,20003,6.4
1405,20011,6.8
1406,21041,5.6
1407,21097,6.2
1408,21187,3.5
1409,21201,3.4
1410,21213,5.4
1411,22007,3.6
1412,24011,5.5
1413,24029,8.8
1414,26151,4.1
1415,26157,5.1
1416,27001,4.9
1417,27065,5.4
1418,27093,3.9
1419,27097,5.4
1420,27115,4.5
1421,27129,5.4
1422,27161,8.1
1423,28107,4.7
1424,28119,5.8
1425,28139,4.9
1426,28145,5.5
1427,29033,5.6
1428,29055,4.2
1429,29061,5.1
1430,29073,3.8
1431,29083,5.2
1432,29117,7.7
1433,29139,4.3
1434,29163,5.8
1435,29185,5.0
1436,29186,2.7
1437,29221,4.1
1438,32017,8.4
1439,33003,12.2
1440,36105,8.4
1441,36121,6.6
1442,37007,4.0
1443,37041,7.1
1444,37091,6.8
1445,37163,4.4
1446,37185,4.2
1447,39001,3.0
1448,39071,4.1
1449,39115,3.6
1450,39135,5.1
1451,39163,4.5
1452,40011,5.5
1453,40015,5.5
1454,40049,6.0
1455,40073,6.3
1456,40103,7.5
1457,40107,5.3
1458,41057,7.7
1459,42031,7.2
1460,42059,5.1
1461,42127,4.9
1462,45025,5.8
1463,47041,3.4
1464,47055,4.6
1465,47069,3.5
1466,47075,4.8
1467,47083,3.5
1468,47085,4.9
1469,47097,3.9
1470,47101,3.1
1471,47135,2.6
1472,48031,3.8
1473,48035,6.5
1474,48053,7.9
1475,48089,4.1
1476,48119,3.4
1477,48147,4.7
1478,48149,4.8
1479,48163,7.5
1480,48177,4.4
1481,48185,5.4
1482,48217,5.1
1483,48237,5.2
1484,48255,5.1
1485,48287,4.1
1486,48331,5.3
1487,48337,5.3
1488,48373,4.6
1489,48379,4.6
1490,48407,3.5
1491,48467,4.2
1492,51025,4.5
1493,51049,4.8
1494,51057,6.4
1495,51081,3.7
1496,51097,5.9
1497,51099,13.8
1498,51109,3.8
1499,51113,5.0
1500,51119,7.8
1501,51131,5.4
1502,51135,6.1
1503,51137,6.3
1504,51139,4.0
1505,51147,11.8
1506,51171,5.1
1507,51175,4.5
1508,51181,4.0
1509,51193,5.3
1510,51595,6.9
1511,51620,12.2
1512,53039,6.0
1513,53069,4.5
1514,55013,4.9
1515,55091,5.2
1516,55095,5.5
1517,1017,4.2
1518,1031,5.8
1519,1045,9.0
1520,1047,8.8
1521,1071,3.4
1522,1095,5.2
1523,1109,7.1
1524,4017,6.9
1525,4023,9.1
1526,5055,4.4
1527,5059,4.3
1528,5145,5.4
1529,5149,2.7
1530,6033,7.2
1531,6045,9.3
1532,6103,7.3
1533,6109,8.0
1534,8043,6.9
1535,8067,11.9
1536,8085,8.8
1537,12027,4.8
1538,13009,7.5
1539,13031,10.8
1540,13055,2.6
1541,13071,4.3
1542,13081,7.7
1543,13087,4.4
1544,13137,6.9
1545,13229,3.6
1546,13249,3.3
1547,13261,7.6
1548,13275,6.7
1549,13305,5.6
1550,16011,8.1
1551,16017,6.1
1552,16039,11.4
1553,16043,7.7
1554,16057,19.0
1555,16065,13.7
1556,16075,7.3
1557,17021,5.5
1558,17057,4.9
1559,17095,8.3
1560,17107,7.7
1561,17137,9.1
1562,17155,4.6
1563,17177,7.4
1564,17195,6.2
1565,18001,4.2
1566,18017,5.1
1567,18033,5.0
1568,18069,7.3
1569,18071,5.3
1570,18079,4.2
1571,18085,7.8
1572,18093,4.8
1573,18099,7.6
1574,18103,5.0
1575,18113,5.3
1576,18125,5.0
1577,18169,6.9
1578,19015,6.2
1579,19045,7.9
1580,19099,7.2
1581,19127,8.3
1582,19139,8.6
1583,20035,9.0
1584,20037,9.3
1585,20061,11.3
1586,20111,13.9
1587,20155,9.9
1588,21009,4.9
1589,21011,3.3
1590,21151,12.0
1591,21173,6.5
1592,22011,7.3
1593,22061,18.7
1594,22067,5.7
1595,22069,10.4
1596,22097,5.3
1597,22101,5.8
1598,23011,9.1
1599,24019,4.8
1600,25011,10.4
1601,26005,5.4
1602,26023,5.5
1603,26057,8.2
1604,26059,6.8
1605,26067,5.6
1606,26073,12.7
1607,26091,7.1
1608,26107,10.3
1609,26149,6.9
1610,27015,5.9
1611,27041,6.3
1612,27067,7.2
1613,27099,7.7
1614,27111,6.2
1615,27167,5.1
1616,27169,10.2
1617,28005,5.5
1618,28021,10.9
1619,28067,7.3
1620,28085,6.9
1621,28113,6.6
1622,28149,9.9
1623,29007,6.4
1624,29105,4.7
1625,29147,10.9
1626,29175,5.9
1627,29201,5.9
1628,29209,5.1
1629,29213,8.1
1630,31001,9.1
1631,31019,11.5
1632,31053,7.3
1633,31067,7.2
1634,32001,7.4
1635,32019,8.0
1636,33005,10.8
1638,35028,38.6
1639,35029,7.2
1640,35035,13.3
1641,35039,5.7
1642,35047,10.3
1643,36011,7.9
1644,36023,10.6
1645,36035,6.5
1646,36057,5.9
1647,36089,9.5
1648,37013,5.9
1649,37031,6.2
1650,37083,5.2
1651,37099,8.3
1652,37105,7.5
1653,37107,7.4
1654,37111,4.5
1655,37125,8.0
1656,37155,6.5
1657,37161,5.3
1658,37165,9.2
1659,37171,4.8
1660,37175,9.8
1661,38077,7.0
1662,39011,5.1
1663,39037,4.8
1664,39039,7.0
1665,39053,5.0
1666,39059,4.6
1667,39063,10.8
1668,39123,6.3
1669,39143,5.4
1670,39145,4.6
1671,39147,6.4
1672,39149,5.7
1673,39157,4.6
1674,39161,5.4
1675,39167,7.8
1676,40013,9.2
1677,40021,10.3
1678,40101,7.9
1679,40115,6.9
1680,40147,19.2
1681,41013,5.9
1682,41019,7.6
1683,41045,8.3
1684,41049,7.9
1685,41059,8.8
1686,42015,7.0
1687,42033,4.3
1688,42035,7.1
1689,42039,7.1
1690,42061,6.2
1691,42087,5.0
1692,42097,4.4
1693,42107,3.5
1694,42119,9.7
1695,42123,6.9
1696,45001,7.6
1697,45021,6.3
1698,45043,7.2
1699,45047,8.9
1700,45069,6.1
1701,45071,9.0
1702,45073,4.3
1703,45075,9.4
1704,46027,24.6
1705,46061,2.7
1706,46081,9.3
1707,47029,2.7
1708,47035,4.6
1709,47051,8.0
1710,47059,5.5
1711,47107,5.1
1712,47143,4.5
1713,47155,4.7
1714,48003,8.1
1715,48025,7.6
1716,48057,7.8
1717,48073,5.5
1718,48117,8.6
1719,48173,5.3
1720,48179,9.8
1721,48189,9.0
1722,48203,9.0
1723,48219,6.9
1724,48227,9.1
1725,48233,10.0
1726,48249,6.5
1727,48273,15.1
1728,48353,6.7
1729,48427,5.9
1730,48487,6.3
1731,48489,6.8
1732,48505,4.9
1733,49021,14.3
1734,50003,11.6
1735,50021,9.5
1736,50023,12.3
1737,51089,4.1
1738,51143,3.3
1739,51590,7.9
1740,51690,11.7
1741,53001,9.1
1742,53027,6.9
1743,53075,24.2
1744,54045,4.4
1745,54049,7.1
1746,54053,4.4
1747,54055,7.5
1748,54091,4.8
1749,55043,8.9
1750,55069,5.6
1751,55071,6.6
1752,55075,5.4
1753,55078,2.5
1754,55097,11.2
1755,55111,7.2
1756,55115,4.7
1757,55141,8.1
1758,56001,26.8
1762,1005,7.3
1763,1011,5.4
1764,1013,4.6
1765,1019,3.8
1766,1039,4.7
1767,1041,3.9
1768,1049,3.7
1769,1053,4.8
1770,1057,3.8
1771,1059,3.4
1772,1063,6.5
1773,1087,14.7
1774,1119,7.4
1775,1123,4.4
1776,4001,8.2
1777,5001,5.4
1778,5015,5.1
1779,5023,3.4
1780,5029,4.6
1781,5039,4.6
1782,5041,5.4
1783,5043,8.7
1784,5047,4.2
1785,5057,4.6
1786,5061,4.7
1787,5067,4.3
1788,5075,4.3
1789,5083,3.4
1790,5127,2.7
1791,5133,6.3
1792,5141,3.6
1793,6009,7.5
1794,6021,7.0
1795,6049,7.0
1796,6093,7.5
1797,6105,9.5
1798,8029,7.2
1799,8055,6.7
1800,8083,7.9
1801,8089,7.1
1802,12013,6.0
1803,12037,4.6
1804,12047,5.5
1805,12059,3.4
1806,12063,6.4
1807,12075,5.1
1808,12079,7.0
1809,12121,5.6
1810,12123,6.4
1811,12133,4.0
1812,13011,3.2
1813,13019,2.6
1814,13023,4.0
1815,13075,4.0
1816,13091,4.2
1817,13093,4.3
1818,13099,4.3
1819,13105,5.5
1820,13109,5.1
1821,13119,5.6
1822,13131,5.6
1823,13147,4.1
1824,13165,4.5
1825,13193,7.7
1826,13205,4.6
1827,13243,3.6
1828,13251,5.0
1829,13253,5.2
1830,13259,4.9
1831,13267,2.6
1832,13287,3.6
1833,13307,3.3
1834,13311,4.2
1835,13315,3.1
1836,13317,6.7
1837,16029,10.7
1838,16035,5.7
1839,16049,8.3
1840,16077,9.5
1841,16085,11.4
1842,16087,4.5
1843,17017,4.1
1844,17023,4.4
1845,17041,7.3
1846,17045,5.6
1847,17055,3.9
1848,17085,4.7
1849,17087,4.4
1850,17125,5.1
1851,17139,4.9
1852,17145,4.0
1853,17165,4.7
1854,17173,3.7
1855,17181,5.7
1856,17187,9.2
1857,17193,4.0
1858,18009,5.7
1859,18045,4.7
1860,18051,6.3
1861,18055,4.9
1862,18075,4.4
1863,18087,4.7
1864,18123,4.7
1865,18135,4.5
1866,18181,5.0
1867,19005,4.5
1868,19019,6.2
1869,19029,8.4
1870,19031,6.8
1871,19035,7.9
1872,19037,4.1
1873,19039,4.3
1874,19055,5.5
1875,19065,6.5
1876,19071,7.4
1877,19073,7.0
1878,19079,7.3
1879,19083,7.7
1880,19087,10.6
1881,19089,2.8
1882,19095,5.7
1883,19097,4.8
1884,19117,4.8
1885,19119,6.1
1886,19125,7.1
1887,19133,5.8
1888,19137,6.5
1889,19145,7.6
1890,19165,6.1
1891,19171,4.5
1892,19175,6.2
1893,20013,6.2
1894,20021,4.9
1895,20027,7.5
1896,20031,7.1
1897,20073,7.6
1898,20115,7.8
1899,20117,6.0
1900,20127,6.9
1901,20131,4.7
1902,21043,4.4
1903,21065,2.9
1904,21079,4.7
1905,21085,4.0
1906,21141,4.7
1907,21167,6.3
1908,21177,3.2
1909,21183,3.5
1910,21197,3.4
1911,21225,5.7
1912,21233,3.2
1913,22003,3.5
1914,22009,4.1
1915,22013,5.0
1916,22027,7.0
1917,22039,3.3
1918,22049,5.8
1919,22053,5.9
1920,22059,4.5
1921,22083,6.8
1922,22085,5.0
1923,22127,4.8
1924,23007,8.2
1925,23009,8.5
1926,23017,6.7
1927,23021,5.0
1928,23025,5.2
1929,23027,6.7
1930,26035,4.9
1931,26051,3.0
1932,26123,5.5
1933,27005,6.1
1934,27043,6.8
1935,27061,7.2
1936,27071,4.9
1937,27075,7.5
1938,27113,7.3
1939,27117,6.6
1940,27121,6.2
1941,27133,5.7
1942,27153,4.4
1943,27165,4.9
1944,28007,5.1
1945,28031,5.6
1946,28039,5.5
1947,28051,6.1
1948,28079,4.7
1949,28091,6.6
1950,28123,4.5
1951,28131,6.3
1952,28141,3.5
1953,29009,4.4
1954,29011,5.2
1955,29039,5.1
1956,29053,5.9
1957,29067,3.1
1958,29089,8.3
1959,29109,5.1
1960,29123,4.7
1961,29131,4.2
1962,29133,4.1
1963,29157,3.8
1964,29207,4.2
1965,29229,3.8
1966,30003,9.4
1967,30047,8.9
1968,30077,6.9
1969,30081,10.6
1970,31023,4.9
1971,31131,5.6
1972,31151,6.5
1973,31179,10.4
1974,31185,7.4
1975,35051,7.2
1976,35053,9.5
1977,36017,8.7
1978,36025,8.6
1979,36031,8.1
1980,36039,6.8
1981,36049,6.3
1982,37017,3.4
1983,37047,4.8
1984,37061,4.5
1985,37117,4.2
1986,37123,4.8
1987,38003,8.4
1988,38099,5.0
1989,39065,7.4
1990,39067,3.9
1991,39069,5.4
1992,39105,2.9
1993,39125,4.1
1994,39137,5.0
1995,39171,6.3
1996,40001,4.5
1997,40035,5.4
1998,40041,4.8
1999,40061,4.4
2000,40075,6.0
2001,40091,5.2
2002,40095,6.3
2003,40097,4.9
2004,40105,3.9
2005,40141,5.9
2006,41031,8.5
2007,42009,4.1
2008,42117,7.3
2009,45005,7.8
2010,45011,6.0
2011,45027,4.7
2012,45029,4.9
2013,45033,6.3
2014,45049,6.9
2015,45061,5.5
2016,45065,3.8
2017,45067,6.4
2018,45089,6.7
2019,46019,8.0
2020,46047,6.7
2021,46079,9.9
2022,46102,7.0
2023,47017,4.0
2024,47025,4.2
2025,47053,4.9
2026,47071,3.7
2027,47077,3.0
2028,47091,3.5
2029,47103,4.8
2030,47109,3.2
2031,47123,3.7
2032,47151,3.2
2033,47181,2.4
2034,48023,6.1
2035,48063,5.3
2036,48067,5.9
2037,48069,8.3
2038,48083,6.6
2039,48095,6.0
2040,48103,3.9
2041,48123,5.0
2042,48127,5.0
2043,48133,6.4
2044,48153,6.7
2045,48169,5.0
2046,48193,4.9
2047,48207,4.6
2048,48239,5.1
2049,48241,5.3
2050,48247,3.8
2051,48279,6.3
2052,48283,6.0
2053,48285,5.5
2054,48293,5.0
2055,48313,8.6
2056,48343,6.4
2057,48365,6.7
2058,48383,5.0
2059,48387,3.4
2060,48391,4.5
2061,48399,5.6
2062,48437,8.2
2063,48445,7.3
2064,48457,6.6
2065,48475,8.7
2066,48495,7.8
2067,48499,6.4
2068,49025,13.4
2069,49039,9.9
2070,50001,13.3
2071,51001,4.6
2072,51005,6.0
2073,51083,4.3
2074,51163,6.7
2075,51197,6.2
2076,51530,6.3
2077,51580,4.3
2078,51678,25.9
2079,53031,9.9
2080,53047,8.5
2081,54001,5.3
2082,54025,4.8
2083,54031,3.9
2084,54035,6.3
2085,54067,3.7
2086,54089,4.2
2087,54103,7.1
2088,55001,4.8
2089,55005,6.5
2090,55007,4.7
2091,55011,6.1
2092,55019,4.7
2093,55029,6.2
2094,55047,6.4
2095,55053,4.6
2096,55067,5.6
2097,55081,5.9
2098,55103,5.7
2099,55107,6.1
2100,55119,4.9
2101,55121,5.1
2102,55123,5.4
2103,55135,5.9
2104,55137,5.1
2105,56009,9.3
2106,1075,3.4
2107,1129,3.6
2109,5073,3.7
2110,5097,4.1
2111,5117,3.4
2112,6043,10.1
2113,6091,9.4
2114,8025,5.4
2115,8027,5.5
2116,8073,5.6
2117,12029,5.6
2118,12077,5.8
2119,13037,5.4
2120,13065,4.1
2121,13163,4.4
2122,13201,5.4
2123,13265,3.7
2124,13269,4.4
2125,13301,3.4
2126,13319,3.5
2127,16009,7.4
2128,16037,8.5
2129,16061,7.8
2130,16071,11.7
2131,16079,7.7
2132,17059,3.4
2133,17151,4.1
2134,17153,3.6
2135,18147,4.9
2136,18171,4.1
2137,19001,6.7
2138,19009,4.2
2139,19023,4.6
2140,19043,4.0
2141,19093,5.8
2142,19107,6.0
2143,19115,7.1
2144,20019,5.6
2145,20049,6.3
2146,20077,6.8
2147,21027,2.0
2148,21087,3.1
2149,21099,3.2
2150,21127,3.8
2151,21135,3.5
2152,21171,4.0
2153,21181,3.0
2154,21219,5.5
2155,22021,4.4
2156,22081,4.1
2157,23015,10.3
2158,24023,3.9
2159,26011,3.8
2160,26127,5.5
2161,27029,5.6
2162,27087,6.3
2163,27089,4.5
2164,27107,2.9
2165,27125,6.3
2166,28041,4.6
2167,28053,4.8
2168,28055,2.4
2169,28063,3.6
2170,28065,7.4
2171,28077,4.8
2172,28125,7.4
2173,28129,3.9
2174,28157,4.9
2175,29057,5.5
2176,29075,5.7
2177,29085,3.7
2178,29087,5.4
2179,29125,2.6
2180,29141,4.4
2181,30015,8.2
2182,30039,5.4
2183,30045,9.1
2184,30061,8.5
2185,30065,6.0
2186,30089,8.5
2187,30095,7.1
2188,30099,9.1
2189,30103,11.3
2190,31021,5.1
2191,31035,6.0
2192,31059,5.8
2193,31077,3.0
2194,31097,4.4
2195,31105,9.7
2196,31125,5.7
2197,31163,4.8
2198,31173,4.4
2199,36041,7.9
2200,36097,7.8
2201,37011,6.1
2202,37033,3.7
2203,37079,4.7
2204,37149,10.5
2205,37173,6.3
2206,37199,3.8
2207,38029,3.3
2208,38037,2.3
2209,38043,2.3
2210,38055,5.8
2211,38063,4.1
2212,38073,5.2
2213,38091,4.2
2214,38097,9.0
2215,39111,4.0
2216,40067,6.4
2217,42057,3.4
2218,42067,3.8
2219,42113,3.8
2220,42115,5.2
2221,46055,8.5
2222,46067,5.0
2223,46071,8.2
2224,46097,4.6
2225,46101,6.3
2226,46105,6.7
2227,46137,4.3
2228,47007,2.7
2229,47061,1.3
2230,47067,3.0
2231,47121,2.6
2232,47161,3.1
2233,48033,22.6
2234,48081,6.2
2235,48125,5.1
2236,48129,6.7
2237,48151,4.3
2238,48289,6.1
2239,48297,5.1
2240,48315,5.2
2241,48403,6.0
2242,48413,10.5
2243,48417,5.9
2244,48431,11.5
2245,48461,6.7
2246,49033,13.0
2247,50015,13.9
2248,51017,3.9
2249,51021,1.3
2250,51037,4.1
2251,51091,6.3
2252,51105,3.6
2253,51141,2.7
2254,53023,9.6
2255,53043,9.1
2256,54007,4.1
2257,54013,3.6
2258,54063,5.5
2259,54065,4.9
2260,54071,3.2
2261,54073,7.0
2262,54085,2.7
2263,54087,4.2
2264,54093,5.6
2265,54109,3.0
2266,55065,6.1
2267,55077,4.9
2270,2110,21.9
2271,2130,14.5
2272,4009,9.2
2273,5005,5.7
2274,5009,7.2
2275,5013,3.5
2276,5019,11.4
2277,5027,6.0
2278,5063,4.6
2279,5101,2.4
2280,5103,5.3
2281,5115,7.5
2282,5139,7.6
2283,6015,7.3
2284,6023,10.0
2285,6035,7.5
2286,8037,12.0
2287,8045,10.0
2288,8075,8.9
2289,8081,9.3
2290,8097,36.1
2291,8107,15.5
2292,8117,18.2
2293,13017,5.2
2294,13069,5.3
2295,13141,5.1
2296,13167,3.5
2297,13175,5.1
2298,13209,4.1
2299,13257,5.7
2300,13277,8.1
2301,13279,5.2
2302,13299,6.9
2303,15001,7.5
2304,15007,7.2
2305,16013,10.7
2306,16025,9.6
2307,16031,6.5
2308,16053,5.7
2309,16063,3.9
2310,16067,6.5
2311,16081,9.1
2312,16083,7.5
2313,17001,7.2
2314,17011,7.5
2315,17029,11.0
2316,17035,3.9
2317,17049,5.9
2318,17067,6.5
2319,17071,4.8
2320,17081,5.9
2321,17109,14.7
2322,17127,4.1
2323,17171,4.0
2324,18027,5.1
2325,18037,4.9
2326,18083,6.2
2327,18151,8.8
2328,18177,7.6
2329,19021,8.7
2330,19033,9.7
2331,19041,8.9
2332,19051,5.6
2333,19057,7.7
2334,19059,7.0
2335,19101,10.4
2336,19111,7.1
2337,19123,7.3
2338,19179,5.8
2339,19187,8.3
2340,19195,5.0
2341,20009,8.1
2342,20051,14.8
2343,20055,11.0
2344,20057,10.0
2345,20093,9.3
2346,20099,6.4
2347,20113,11.6
2348,20125,7.2
2349,20143,6.8
2350,20169,11.5
2351,20175,9.6
2352,21007,2.7
2353,21013,5.5
2354,21021,9.8
2355,21035,11.4
2356,21075,4.9
2357,21083,3.6
2358,21107,5.0
2359,21121,4.3
2360,21125,5.3
2361,21137,4.0
2362,21139,3.0
2363,21145,7.4
2364,21165,2.9
2365,21169,3.3
2366,21199,5.2
2367,21203,3.6
2368,21217,5.5
2369,21235,5.5
2370,22029,5.3
2371,22115,8.4
2372,25007,13.6
2373,26007,7.5
2374,26019,8.9
2375,26033,7.5
2376,26041,6.4
2377,26043,6.4
2378,26055,10.5
2379,26061,8.6
2380,26079,4.1
2381,26083,3.1
2382,26089,9.3
2383,26103,10.7
2384,26105,7.0
2385,26109,5.2
2386,26113,4.2
2387,26165,7.4
2388,27007,10.9
2389,27021,5.0
2390,27047,6.2
2391,27083,9.1
2392,27105,5.9
2393,27147,8.5
2394,28001,8.7
2395,28003,5.5
2396,28011,8.0
2397,28015,4.4
2398,28023,4.8
2399,28027,8.9
2400,28043,6.5
2401,28057,3.5
2402,28061,4.5
2403,28069,3.6
2404,28075,8.0
2405,28081,8.8
2406,28083,8.6
2407,28087,10.8
2408,28105,20.5
2409,28115,4.8
2410,28133,6.5
2411,28151,8.4
2412,29001,13.4
2413,29023,4.9
2414,29045,3.7
2415,29069,4.7
2416,29091,5.2
2417,29111,5.8
2418,29127,6.5
2419,29161,16.0
2420,29169,8.5
2421,29173,4.4
2422,29197,2.9
2423,30029,8.3
2424,30031,20.8
2425,30043,7.8
2426,30049,16.2
2427,30093,8.9
2428,31007,6.6
2429,31047,6.0
2430,31073,3.0
2431,31099,8.6
2432,31111,7.1
2433,31113,5.8
2434,31117,8.3
2435,31119,6.9
2436,31139,5.2
2437,31141,6.7
2438,31157,9.5
2439,31165,7.2
2440,31167,4.9
2441,32007,8.8
2442,32011,7.8
2443,32013,7.9
2444,33007,5.0
2445,33009,14.6
2446,33019,7.5
2447,35005,12.0
2448,35009,8.9
2449,35015,8.0
2450,35017,10.5
2451,35025,7.8
2452,35031,8.2
2453,35041,11.9
2454,35055,9.3
2455,36019,9.3
2456,36033,7.1
2457,36077,12.0
2458,37131,5.3
2459,37153,4.9
2460,37177,3.0
2461,37189,12.1
2462,38049,3.8
2463,38075,5.0
2464,38089,8.2
2465,38093,7.4
2466,38101,11.4
2467,38105,5.6
2468,39079,4.4
2469,39107,5.8
2470,40009,6.4
2471,40019,7.7
2472,40039,12.7
2473,40047,10.9
2474,40065,8.5
2475,40071,11.9
2476,40121,5.4
2477,40123,10.6
2478,40139,10.1
2479,40153,6.5
2480,41011,7.2
2481,41015,6.8
2482,41035,9.0
2483,41041,7.4
2484,41061,10.6
2485,42083,6.6
2486,42109,6.4
2487,46005,10.8
2488,46011,18.6
2489,46013,10.8
2490,46029,7.1
2491,46035,10.8
2492,46045,4.8
2493,46065,16.5
2494,46117,3.0
2495,46119,4.0
2496,46135,10.3
2497,47045,3.9
2498,47079,4.6
2499,47127,3.1
2500,47131,5.1
2501,47133,3.0
2502,47183,5.9
2503,48001,6.4
2504,48005,7.3
2505,48049,9.4
2506,48115,7.5
2507,48171,6.2
2508,48261,6.0
2509,48277,7.5
2510,48323,6.8
2511,48341,7.9
2512,48347,12.7
2513,48389,5.5
2514,48415,7.4
2515,48449,6.4
2516,48455,5.6
2517,48465,9.0
2518,49007,6.8
2519,49047,8.6
2520,50009,4.7
2521,50017,7.8
2522,50027,10.4
2523,51051,3.1
2524,51185,4.1
2525,51195,4.1
2526,51720,8.5
2527,53009,8.8
2528,53025,10.0
2529,54017,4.7
2530,54033,7.6
2531,54083,6.7
2532,55037,5.7
2533,56005,6.3
2534,56013,9.4
2535,56033,11.2
2536,56037,9.5
2537,56039,17.5
2538,56041,9.1
2539,4011,6.4
2540,5011,4.3
2541,5017,4.6
2542,5021,2.9
2543,5049,3.6
2544,5071,5.3
2545,5077,4.6
2546,5095,3.8
2547,5099,4.1
2548,5121,2.6
2549,5135,5.3
2550,5137,2.2
2551,13001,2.9
2552,13005,3.8
2553,13043,7.6
2554,13107,4.9
2555,13155,5.5
2556,13161,4.5
2557,13283,6.7
2558,13303,4.8
2559,13309,4.8
2560,16021,7.2
2561,16047,7.4
2562,17015,7.3
2563,17025,3.5
2564,17033,5.5
2565,17065,3.8
2566,17079,3.8
2567,17101,5.1
2568,17149,4.5
2569,17169,5.3
2570,17191,4.1
2571,18049,5.5
2572,18101,4.3
2573,19007,5.3
2574,19063,6.5
2575,19067,7.2
2576,19069,5.4
2577,19081,4.9
2578,19091,7.3
2579,19131,5.8
2580,19135,5.4
2581,19141,7.0
2582,19143,3.5
2583,19147,6.6
2584,19157,11.8
2585,19189,7.7
2586,19197,6.7
2587,20029,10.5
2588,20041,8.2
2589,20053,7.9
2590,20067,8.3
2591,20133,7.4
2592,20145,9.4
2593,20159,8.8
2594,20167,6.7
2595,20171,8.8
2596,20189,13.0
2597,21001,3.4
2598,21033,4.4
2599,21055,3.6
2600,21069,3.3
2601,21143,3.3
2602,21155,4.9
2603,21157,4.1
2604,21205,12.4
2605,21229,5.0
2606,21231,2.6
2607,22065,7.2
2608,26071,5.6
2609,26101,6.0
2610,26141,6.3
2611,26153,4.6
2612,27023,6.7
2613,27033,7.6
2614,27057,6.5
2615,27063,5.6
2616,27127,5.9
2617,27151,6.6
2618,27159,6.5
2619,27173,5.3
2620,28017,5.2
2621,28025,8.1
2622,28095,4.8
2623,28097,4.6
2624,28099,5.3
2625,28101,5.4
2626,28103,5.5
2627,28117,4.6
2628,28135,5.1
2629,28153,4.5
2630,28159,5.6
2631,28161,5.8
2632,29029,4.3
2633,29065,4.5
2634,29121,4.6
2635,29137,5.4
2636,29143,4.5
2637,29155,4.6
2638,29215,4.9
2639,30023,7.4
2640,30053,6.6
2641,30067,7.6
2642,30083,6.3
2643,30085,5.4
2644,31037,6.2
2645,31039,4.9
2646,31041,5.5
2647,31095,5.2
2648,31101,6.6
2649,31137,8.6
2650,32015,11.5
2651,35019,4.8
2652,35023,6.8
2653,35027,6.8
2654,36003,11.3
2655,37113,4.6
2656,37187,6.0
2657,38069,5.9
2658,39075,2.9
2659,39131,6.7
2660,39175,4.2
2661,40005,4.0
2662,40023,5.0
2663,40055,6.1
2664,40063,4.8
2665,40069,6.2
2666,40077,6.0
2667,40085,5.0
2668,40093,6.9
2669,40099,6.5
2670,40133,5.1
2671,40149,6.5
2672,40151,14.8
2673,42047,5.3
2674,42053,1.9
2675,42065,4.8
2676,42105,5.4
2677,45009,5.9
2678,46051,5.0
2679,47005,3.2
2680,47095,3.5
2681,47185,2.8
2682,48017,8.2
2683,48047,6.7
2684,48093,4.8
2685,48131,4.1
2686,48159,5.2
2687,48161,5.3
2688,48165,8.3
2689,48195,8.5
2690,48197,5.3
2691,48225,5.2
2692,48267,7.1
2693,48307,6.0
2694,48335,8.0
2695,48369,6.9
2696,48411,4.3
2697,48419,4.8
2698,48501,5.7
2699,48507,4.8
2700,49001,8.4
2701,49013,10.8
2702,49037,8.8
2703,50005,7.6
2704,50025,11.8
2705,51035,2.3
2706,51117,5.3
2707,51167,3.1
2708,51640,7.9
2709,53049,6.0
2710,54041,3.9
2711,54059,4.2
2712,54095,4.8
2713,54097,8.6
2714,55023,6.1
2715,55057,4.4
2716,55085,7.3
2717,56007,7.9
2718,56015,8.6
2719,56017,6.5
2720,56019,9.2
2721,56023,8.8
2722,56045,7.4
2723,1023,4.3
2724,1027,4.3
2725,1131,6.3
2728,5065,3.3
2729,5089,2.7
2730,5109,3.5
2731,5129,3.0
2732,5147,4.9
2733,8007,5.9
2734,8049,10.4
2735,8057,9.2
2736,8091,10.2
2737,8095,8.5
2738,8103,9.3
2739,8111,17.5
2740,8115,7.8
2741,8121,8.3
2742,13003,3.1
2743,13241,7.2
2744,17009,3.1
2745,19025,7.3
2746,19151,6.6
2747,19161,6.9
2748,19173,5.3
2749,19177,5.4
2750,20017,6.2
2751,20025,9.0
2752,20047,11.9
2753,20069,10.8
2754,20075,10.9
2755,20081,10.0
2756,20083,7.8
2757,20097,10.1
2758,20105,5.5
2759,20119,8.7
2760,20163,6.7
2761,20165,7.9
2762,20185,9.0
2763,20195,8.5
2764,20205,6.2
2765,21039,2.1
2766,21045,4.9
2767,21051,5.0
2768,21057,4.3
2769,21095,4.3
2770,21105,2.6
2771,21109,3.5
2772,21131,4.5
2773,21133,3.1
2774,21147,4.1
2775,21207,4.7
2776,22025,5.6
2777,22107,5.8
2778,22123,4.5
2779,26001,5.0
2780,26003,5.9
2781,26009,8.1
2782,26013,4.6
2783,26085,5.4
2784,26095,6.3
2785,26097,6.0
2786,26119,3.8
2787,26131,6.1
2788,26133,6.5
2789,27051,4.9
2790,27081,3.4
2791,27101,4.6
2792,28013,4.3
2793,28019,4.5
2794,28037,4.6
2795,28147,5.3
2796,28155,4.4
2797,29005,8.7
2798,29015,4.4
2799,29035,5.6
2800,29041,5.1
2801,29093,5.6
2802,29103,4.8
2803,29149,3.9
2804,29153,2.3
2805,29171,3.9
2806,29181,2.0
2807,29199,4.7
2808,29203,3.7
2809,29205,4.4
2810,29211,3.6
2811,29223,2.3
2812,29227,6.6
2813,30007,13.3
2814,30057,9.5
2815,30059,9.1
2816,31003,3.6
2817,31005,3.7
2818,31009,10.2
2819,31011,4.6
2820,31027,4.1
2821,31061,3.8
2822,31063,4.4
2823,31083,6.8
2824,31085,5.1
2825,31107,3.9
2826,31123,6.7
2827,31133,4.9
2828,31135,7.8
2829,31143,5.4
2830,31171,7.5
2831,31181,5.7
2832,32009,4.1
2833,32027,10.1
2834,35003,8.2
2835,35033,4.0
2836,37005,3.3
2837,37009,3.6
2838,37095,5.5
2839,37121,5.2
2840,38007,4.8
2841,38009,4.7
2842,38013,3.6
2843,38021,6.0
2844,38023,3.2
2845,38025,5.1
2846,38031,5.5
2847,38041,8.7
2848,38045,5.2
2849,38047,1.5
2850,38053,4.3
2851,38061,4.5
2852,38081,3.3
2853,39121,3.7
2854,40003,9.6
2855,40007,7.2
2856,40025,7.7
2857,40029,4.7
2858,40043,4.9
2859,40045,7.0
2860,40053,6.3
2861,40057,7.4
2862,40059,7.0
2863,40129,4.0
2864,41055,11.2
2865,41063,10.1
2866,41069,7.4
2867,42023,5.9
2868,46003,6.4
2869,46009,7.8
2870,46025,4.1
2871,46037,6.1
2872,46039,3.0
2873,46043,2.3
2874,46049,3.7
2875,46057,4.8
2876,46059,5.6
2877,46069,7.9
2878,46073,5.7
2879,46075,4.0
2880,46077,4.2
2881,46085,3.4
2882,46089,4.5
2883,46091,3.5
2884,46107,6.5
2885,46109,5.4
2886,46111,5.8
2887,46115,5.2
2888,47027,3.8
2889,47049,3.5
2890,47137,4.0
2891,47175,1.6
2892,48079,4.9
2893,48087,5.4
2894,48155,7.1
2895,48263,2.4
2896,48271,2.9
2897,48319,4.9
2898,48333,4.2
2899,48385,5.5
2900,48393,7.1
2901,48405,5.5
2902,48421,10.7
2903,48483,6.8
2904,49009,5.1
2905,49015,7.2
2906,51027,2.9
2907,54021,9.5
2908,54047,3.0
2909,54075,5.0
2910,56011,9.2
2911,56035,12.8
2912,1025,5.5
2913,1035,4.1
2914,1091,6.4
2915,1093,3.5
2916,1099,5.7
2918,2050,7.9
2919,2122,10.5
2920,2150,11.1
2921,2180,9.5
2922,2185,6.5
2923,2188,6.3
2925,2220,14.1
2926,2261,9.9
2927,5003,6.0
2928,5113,5.1
2929,6027,9.3
2930,6051,10.5
2931,8003,17.8
2932,8015,8.0
2933,8051,23.8
2934,8063,6.9
2935,8071,5.9
2936,8099,7.5
2937,8105,10.1
2938,8125,8.3
2939,13239,1.9
2940,13271,5.1
2941,16007,7.8
2942,16059,9.6
2943,17159,7.0
2944,17185,6.5
2945,19027,6.1
2946,19047,5.8
2947,19109,6.2
2948,19167,7.1
2949,19191,8.8
2950,20001,7.1
2951,20123,7.5
2952,20137,7.8
2953,20147,5.3
2954,20151,10.6
2955,20181,6.9
2956,20193,13.1
2957,21071,4.2
2958,21115,4.5
2959,21175,4.8
2960,21193,5.1
2961,21195,4.1
2962,22035,5.5
2963,22041,6.8
2964,23003,6.0
2965,23013,8.7
2966,23029,4.5
2967,25019,12.5
2968,26029,7.5
2969,26031,6.3
2970,26047,8.9
2971,26053,4.8
2972,26063,4.8
2973,26069,7.7
2974,26129,4.0
2975,26137,7.9
2976,26143,5.2
2977,27091,6.1
2978,27135,5.5
2979,27149,8.9
2980,29079,4.9
2981,29081,4.6
2982,29115,5.0
2983,29217,5.1
2984,30001,13.6
2985,30017,8.7
2986,30021,7.5
2987,30027,8.6
2988,30035,7.0
2989,30041,8.9
2990,30073,9.4
2991,30101,10.8
2992,30105,7.2
2993,31013,7.2
2994,31031,6.4
2995,31033,6.7
2996,31045,10.1
2997,31089,4.1
2998,31127,9.8
2999,31145,7.1
3000,31147,6.5
3001,32021,5.8
3002,32033,7.3
3003,35007,6.7
3004,35037,8.3
3005,35059,8.2
3006,37015,5.2
3007,38057,3.5
3008,38071,7.9
3009,40089,4.3
3010,41001,8.3
3011,41025,8.3
3012,46123,4.9
3013,46129,8.3
3014,48043,15.9
3015,48075,6.5
3016,48105,7.3
3017,48111,6.8
3018,48205,11.2
3019,48211,6.9
3020,48299,7.5
3021,48357,7.9
3022,48371,7.8
3023,48377,7.3
3024,48429,4.5
3025,48435,10.2
3026,48503,7.2
3027,49019,7.4
3028,49027,9.6
3029,49041,9.6
3030,50019,5.9
3031,51173,4.6
3032,55003,7.5
3033,55129,6.5
3034,56029,12.7
3035,56031,6.8
3036,56043,10.7
3038,2060,13.1
3039,2070,8.7
3040,2100,13.4
3041,2158,1.3
3044,2240,14.3
3047,2290,9.5
3048,6063,9.1
3049,8009,7.1
3050,8011,5.9
3051,8017,5.9
3052,8021,5.4
3053,8023,7.7
3054,8033,2.2
3055,8053,8.3
3056,8061,4.7
3057,8079,11.3
3058,8109,4.6
3059,8113,4.1
3060,12067,4.8
3061,13061,7.7
3062,13125,1.1
3063,13281,5.0
3064,13291,4.3
3065,16003,6.7
3066,16033,7.8
3067,17047,2.5
3068,17069,4.4
3069,19003,6.2
3070,19053,7.7
3071,19159,4.3
3072,19185,5.0
3073,20007,7.7
3074,20023,7.1
3075,20033,9.0
3076,20039,6.9
3077,20063,6.8
3078,20065,9.4
3079,20071,8.5
3080,20089,6.2
3081,20101,8.3
3082,20109,10.7
3083,20129,9.2
3084,20135,7.2
3085,20141,6.3
3086,20153,8.0
3087,20157,6.8
3088,20179,8.2
3089,20183,6.8
3090,20187,13.6
3091,20199,7.5
3092,20201,5.2
3093,20203,9.6
3094,20207,5.4
3095,21025,6.0
3096,21053,3.1
3097,21063,3.4
3098,21119,4.9
3099,21129,2.8
3100,21153,2.5
3101,21159,3.8
3102,21189,4.4
3103,21237,3.3
3104,26039,5.5
3105,26135,5.3
3106,27011,7.7
3107,27031,9.4
3108,27069,5.2
3109,27073,5.4
3110,27077,8.3
3111,27155,6.6
3112,29129,5.6
3113,29179,2.1
3114,30005,6.6
3115,30011,5.1
3116,30019,4.7
3117,30025,5.6
3118,30033,5.4
3119,30051,10.7
3120,30055,5.1
3121,30069,12.7
3122,30071,7.0
3123,30075,5.9
3124,30079,5.5
3125,30087,7.0
3126,30091,8.4
3127,30097,8.6
3128,30107,8.5
3129,30109,5.4
3130,31015,3.9
3131,31017,8.5
3132,31029,7.5
3133,31049,8.1
3134,31057,7.0
3135,31065,6.7
3136,31069,5.3
3137,31071,4.1
3138,31075,10.5
3139,31087,4.5
3140,31091,5.7
3141,31103,5.0
3142,31115,4.2
3143,31129,5.2
3144,31149,4.9
3145,31161,6.1
3146,31169,6.4
3147,31175,4.5
3148,31183,1.4
3149,35011,6.8
3150,35021,3.7
3151,37039,3.9
3152,37043,5.2
3153,37075,4.0
3154,38001,6.0
3155,38005,4.8
3156,38011,6.9
3157,38019,3.9
3158,38027,6.0
3159,38033,5.9
3160,38039,5.3
3161,38051,4.3
3162,38067,5.1
3163,38079,7.2
3164,38083,2.9
3165,38087,4.7
3166,38095,5.2
3167,38103,5.1
3168,40127,4.6
3169,41021,10.6
3170,41023,5.9
3171,41037,9.3
3172,46007,7.7
3173,46015,8.7
3174,46017,5.2
3175,46021,8.1
3176,46023,6.3
3177,46031,3.4
3178,46041,8.2
3179,46053,4.9
3180,46063,3.9
3181,46095,5.0
3182,46121,5.4
3183,47039,3.1
3184,48045,7.4
3185,48101,6.7
3186,48109,12.0
3187,48137,12.9
3188,48191,4.5
3189,48243,11.6
3190,48269,3.4
3191,48275,4.5
3192,48295,9.9
3193,48301,0.0
3194,48311,6.6
3195,48327,7.7
3196,48345,4.2
3197,48433,6.5
3198,48443,6.4
3199,48447,7.8
3200,49017,8.7
3201,49031,10.8
3202,49055,8.9
3203,51077,2.7
3204,51103,7.0
3205,51111,4.2
3206,51133,6.5
3207,51159,5.4
3208,53019,6.5
3209,53055,16.5
3210,54023,4.5
3211,54101,2.6
3212,55041,3.5
3213,55051,4.9
3214,55099,5.0
3215,55113,6.2
3216,55125,7.9
3217,56003,8.6
3218,56027,4.8
3221,0,10.7
3222,1000,7.8
3223,2000,14.1
3224,2010,12.5
3225,2160,11.4
3226,2201,7.7
3227,2231,9.5
3229,2250,6.4
3230,2280,9.1
3231,4000,12.6
3232,5000,6.7
3233,6000,13.4
3234,8000,14.9
3235,9000,13.7
3236,10000,13.1
3237,11000,17.8
3238,12000,10.3
3239,13000,9.2
3240,15000,14.0
3241,16000,10.0
3242,17000,10.3
3243,18000,8.3
3244,19000,9.1
3245,20000,11.4
3246,21000,7.2
3247,22000,9.0
3248,23000,8.4
3249,24000,13.9
3250,25000,12.6
3251,26000,9.4
3252,27000,11.1
3253,28000,8.1
3254,29000,9.0
3255,30000,11.0
3256,30113,0.0
3257,31000,9.6
3258,32000,10.8
3259,33000,10.9
3260,34000,11.8
3261,35000,12.7
3262,36000,11.9
3263,37000,8.5
3264,38000,8.4
3265,39000,9.3
3266,40000,10.0
3267,41000,11.8
3268,42000,8.7
3269,44000,9.4
3270,45000,9.0
3271,46000,8.6
3272,47000,7.9
3273,48000,10.9
3274,49000,14.0
3275,50000,11.5
3276,51000,12.3
3277,51560,7.2
3278,53000,12.7
3279,54000,6.8
3280,55000,9.8
3281,56000,11.8
