index,FIPS_Code,unemp_percent
0,1007,6.8
1,1009,3.7
2,1021,4.8
3,1073,4.4
4,1115,4.2
5,1117,3.0
6,1127,6.1
7,4013,4.2
8,4021,5.4
9,5035,5.1
10,6001,4.8
11,6013,4.1
12,6017,4.3
13,6037,5.7
14,6041,3.5
15,6059,4.0
16,6061,4.0
17,6065,5.5
18,6067,4.6
19,6069,6.4
20,6071,5.1
21,6073,4.2
22,6075,5.1
23,6081,3.8
24,6085,5.1
25,6113,5.1
26,8001,4.0
27,8005,3.7
28,8014,3.6
29,8019,3.4
30,8031,4.4
31,8035,3.2
32,8039,3.2
33,8047,3.5
34,8059,3.5
35,8093,3.5
36,9003,3.1
37,9007,2.5
38,9013,2.2
39,10003,3.5
40,11001,6.5
41,12003,4.1
42,12011,4.5
43,12019,3.8
44,12031,4.2
45,12053,5.2
46,12057,4.1
47,12069,4.4
48,12086,4.5
49,12089,4.0
50,12095,4.2
51,12097,4.4
52,12099,5.0
53,12101,4.6
54,12103,4.3
55,12109,3.7
56,12117,4.0
57,13013,4.0
58,13015,4.4
59,13035,4.5
60,13045,4.8
61,13057,2.9
62,13063,4.1
63,13067,3.4
64,13077,3.5
65,13085,3.2
66,13089,4.1
67,13097,3.3
68,13113,2.9
69,13117,2.9
70,13121,4.2
71,13135,3.4
72,13143,4.5
73,13149,5.0
74,13151,3.1
75,13159,3.6
76,13171,4.9
77,13199,5.4
78,13211,3.4
79,13217,3.7
80,13223,3.0
81,13227,3.3
82,13231,4.0
83,13247,3.5
84,13255,4.8
85,13297,3.6
86,17005,4.9
87,17013,6.0
88,17027,4.3
89,17031,6.2
90,17037,4.4
91,17043,4.5
92,17063,6.2
93,17083,5.0
94,17089,5.2
95,17093,4.3
96,17097,4.3
97,17111,4.8
98,17117,5.2
99,17119,4.9
100,17133,3.7
101,17163,5.3
102,17197,5.1
103,18011,2.8
104,18013,4.0
105,18019,4.4
106,18029,3.9
107,18043,4.1
108,18057,2.5
109,18059,3.0
110,18061,4.2
111,18063,2.7
112,18073,4.8
113,18081,2.8
114,18089,4.9
115,18095,4.6
116,18097,3.8
117,18109,3.3
118,18111,4.3
119,18115,3.7
120,18127,3.8
121,18133,3.8
122,18143,5.0
123,18145,3.7
124,18161,4.5
125,18175,5.5
126,20091,3.8
127,20103,5.2
128,20107,6.1
129,20121,4.2
130,20209,7.5
131,21015,3.9
132,21023,4.8
133,21029,4.2
134,21037,4.4
135,21077,4.7
136,21081,5.1
137,21103,4.4
138,21111,4.7
139,21117,4.3
140,21185,3.5
141,21191,4.6
142,21211,4.3
143,21215,4.1
144,21223,5.4
145,22051,4.7
146,22071,5.7
147,22075,5.5
148,22087,5.6
149,22089,5.3
150,22093,9.0
151,22095,6.7
152,22103,4.6
153,24003,3.6
154,24005,4.3
155,24009,3.3
156,24013,3.3
157,24015,4.1
158,24017,3.3
159,24021,3.3
160,24025,3.8
161,24027,3.1
162,24031,3.2
163,24033,4.4
164,24035,3.5
165,24510,6.8
166,25005,4.8
167,25009,4.1
168,25017,3.4
169,25021,3.2
170,25023,3.6
171,25025,4.2
172,26087,6.2
173,26093,3.5
174,26099,5.0
175,26125,4.1
176,26147,6.1
177,26163,5.8
178,27003,3.5
179,27019,3.2
180,27025,4.5
181,27037,3.1
182,27053,3.5
183,27059,4.2
184,27079,5.0
185,27095,5.4
186,27123,3.5
187,27139,3.3
188,27141,3.8
189,27143,3.9
190,27163,3.0
191,27171,3.8
192,28009,6.8
193,28033,2.8
194,28093,6.3
195,28137,4.3
196,28143,5.9
197,29013,4.7
198,29025,4.4
199,29037,3.7
200,29047,3.3
201,29049,3.8
202,29071,4.8
203,29095,4.8
204,29099,4.4
205,29107,4.1
206,29113,4.5
207,29165,3.1
208,29177,4.1
209,29183,3.5
210,29189,4.0
211,29219,4.7
212,29510,6.7
213,32003,5.4
214,33015,3.9
215,33017,3.2
216,34003,3.7
217,34005,3.5
218,34007,4.3
219,34013,5.3
220,34015,3.9
221,34017,5.5
222,34019,2.8
223,34023,4.0
224,34025,3.7
225,34027,3.2
226,34029,4.1
227,34031,5.4
228,34033,4.4
229,34035,3.2
230,34037,3.6
231,34039,4.6
232,36005,7.4
233,36027,3.4
234,36029,4.7
235,36047,6.6
236,36051,4.4
237,36055,4.1
238,36059,3.7
239,36061,5.8
240,36063,5.5
241,36069,4.0
242,36071,3.7
243,36073,5.1
244,36079,3.2
245,36081,5.4
246,36085,5.2
247,36087,3.5
248,36103,3.8
249,36117,4.6
250,36119,3.8
251,36123,3.8
252,37025,4.9
253,37053,3.0
254,37069,5.0
255,37071,7.6
256,37073,4.4
257,37097,5.8
258,37101,4.3
259,37109,6.7
260,37119,4.4
261,37159,6.6
262,37179,4.1
263,37183,4.0
264,39015,6.0
265,39017,4.1
266,39025,4.1
267,39035,3.6
268,39041,2.9
269,39045,3.6
270,39049,3.5
271,39055,2.8
272,39061,4.1
273,39073,5.7
274,39085,3.3
275,39089,4.0
276,39093,4.0
277,39097,3.8
278,39103,3.0
279,39117,5.1
280,39127,5.8
281,39129,4.5
282,39159,3.2
283,39165,3.7
284,40017,3.1
285,40027,3.1
286,40051,3.2
287,40081,3.8
288,40083,2.8
289,40087,3.6
290,40109,3.8
291,41005,5.2
292,41009,7.7
293,41051,6.2
294,41067,5.4
295,41071,6.1
296,42003,4.4
297,42005,6.5
298,42007,5.0
299,42017,4.0
300,42019,4.6
301,42029,3.4
302,42045,4.2
303,42051,6.2
304,42091,3.7
305,42101,6.1
306,42103,4.8
307,42125,5.1
308,42129,5.1
309,44001,3.6
310,44003,4.1
311,44005,3.8
312,44007,5.0
313,44009,3.5
314,45023,7.8
315,45057,5.5
316,45091,4.9
317,47015,4.0
318,47021,3.3
319,47037,3.5
320,47043,4.3
321,47047,5.3
322,47081,5.0
323,47111,5.5
324,47119,4.0
325,47147,4.2
326,47149,3.6
327,47157,4.3
328,47159,4.8
329,47165,4.4
330,47167,4.5
331,47169,5.5
332,47187,2.8
333,47189,3.6
334,48013,4.6
335,48015,4.0
336,48019,4.0
337,48021,4.6
338,48029,4.6
339,48039,5.0
340,48055,5.0
341,48071,4.5
342,48085,4.1
343,48091,4.3
344,48113,5.3
345,48121,3.5
346,48139,4.4
347,48157,3.9
348,48167,5.2
349,48187,3.8
350,48201,4.7
351,48209,3.9
352,48221,4.6
353,48231,4.9
354,48251,4.4
355,48257,5.1
356,48259,3.8
357,48291,6.1
358,48325,4.5
359,48339,3.9
360,48367,3.9
361,48397,4.1
362,48425,4.4
363,48439,4.4
364,48453,4.4
365,48473,4.5
366,48491,4.1
367,48493,4.2
368,48497,4.1
369,49035,4.3
370,49045,4.7
371,51007,2.6
372,51013,2.5
373,51033,3.1
374,51036,5.0
375,51041,2.6
376,51043,2.3
377,51047,2.7
378,51053,3.1
379,51059,2.6
380,51061,2.2
381,51073,2.5
382,51075,2.6
383,51085,2.6
384,51087,3.0
385,51093,2.7
386,51095,2.6
387,51101,3.0
388,51107,2.6
389,51115,3.0
390,51127,3.1
391,51145,2.6
392,51149,3.6
393,51153,2.5
394,51157,2.4
395,51177,2.2
396,51179,2.3
397,51183,4.8
398,51187,2.9
399,51199,2.5
400,51510,2.8
401,51550,3.0
402,51570,3.3
403,51600,1.6
404,51610,2.8
405,51630,3.6
406,51650,3.6
407,51670,4.7
408,51683,3.2
409,51685,1.9
410,51700,3.6
411,51710,4.4
412,51730,5.6
413,51735,2.4
414,51740,4.5
415,51760,4.3
416,51800,3.2
417,51810,3.0
418,51830,5.8
419,53011,6.8
420,53033,4.6
421,53053,6.5
422,53059,11.1
423,53061,4.8
424,54037,3.5
425,55059,5.1
426,55079,5.4
427,55089,3.4
428,55093,3.3
429,55109,3.8
430,55131,3.8
431,55133,3.6
432,72007,11.9
433,72009,11.9
434,72017,15.1
435,72019,11.3
436,72021,8.4
437,72025,10.3
438,72029,13.6
439,72031,8.7
440,72033,10.7
441,72035,11.8
442,72037,12.2
443,72039,15.7
444,72041,10.9
445,72045,14.4
446,72047,11.0
447,72051,8.9
448,72053,14.2
449,72054,15.1
450,72061,6.3
451,72063,10.9
452,72069,14.3
453,72077,13.3
454,72085,15.1
455,72087,12.6
456,72089,17.2
457,72091,14.4
458,72095,17.5
459,72101,14.9
460,72103,14.9
461,72105,10.4
462,72107,16.5
463,72119,12.7
464,72127,8.0
465,72129,11.3
466,72135,7.7
467,72137,8.2
468,72139,7.3
469,72143,11.1
470,72145,12.4
471,72151,18.6
472,1001,4.1
473,1003,4.3
474,1015,5.6
475,1033,6.9
476,1051,4.3
477,1055,6.7
478,1061,6.5
479,1065,7.3
480,1067,5.4
481,1069,4.3
482,1077,6.6
483,1079,6.0
484,1081,4.1
485,1083,4.4
486,1085,7.3
487,1089,3.9
488,1097,5.7
489,1101,4.6
490,1103,5.2
491,1107,8.5
492,1113,5.6
493,1125,4.2
494,2020,4.9
495,2090,5.9
496,2170,7.0
497,4003,4.8
498,4005,4.7
499,4015,4.8
500,4019,4.3
501,4025,4.4
502,4027,16.6
503,5007,2.9
504,5025,5.5
505,5031,4.5
506,5033,4.0
507,5045,4.4
508,5051,4.7
509,5053,5.0
510,5069,6.7
511,5079,7.0
512,5081,4.0
513,5085,3.7
514,5087,3.3
515,5091,4.4
516,5105,5.2
517,5111,7.1
518,5119,4.2
519,5125,3.6
520,5131,3.9
521,5143,3.0
522,6007,6.6
523,6019,10.7
524,6025,16.0
525,6029,8.6
526,6031,10.7
527,6039,9.6
528,6047,10.2
529,6053,7.8
530,6055,3.6
531,6077,7.5
532,6079,4.0
533,6083,4.4
534,6087,5.8
535,6089,6.4
536,6095,4.6
537,6097,3.7
538,6099,8.4
539,6101,9.8
540,6107,11.5
541,6111,4.9
542,6115,8.6
543,8013,3.7
544,8041,4.2
545,8069,3.2
546,8077,3.8
547,8101,5.2
548,8119,3.9
549,8123,3.5
550,9001,2.8
551,9009,3.1
552,9011,2.6
553,9015,3.0
554,10001,3.8
555,10005,3.7
556,12001,3.5
557,12005,5.1
558,12009,4.4
559,12015,4.4
560,12017,5.6
561,12021,4.1
562,12033,4.9
563,12035,4.6
564,12039,4.8
565,12041,4.3
566,12045,5.7
567,12055,5.1
568,12061,5.8
569,12065,4.4
570,12071,3.7
571,12073,3.5
572,12081,4.0
573,12083,4.9
574,12085,5.0
575,12091,4.0
576,12105,5.0
577,12111,6.2
578,12113,4.5
579,12115,3.9
580,12119,5.4
581,12127,4.2
582,12129,3.6
583,12131,3.8
584,13007,4.9
585,13021,4.5
586,13025,4.8
587,13027,4.8
588,13029,3.1
589,13033,6.2
590,13047,3.0
591,13051,3.6
592,13053,7.6
593,13059,3.8
594,13073,3.1
595,13079,4.3
596,13083,3.6
597,13095,5.6
598,13101,3.8
599,13103,3.2
600,13115,4.5
601,13127,3.7
602,13139,3.5
603,13145,3.5
604,13153,3.4
605,13169,3.6
606,13173,4.3
607,13177,3.5
608,13179,5.0
609,13181,8.4
610,13183,3.3
611,13185,3.9
612,13189,5.9
613,13191,4.3
614,13195,4.0
615,13197,5.5
616,13207,3.8
617,13213,4.3
618,13215,5.1
619,13219,2.7
620,13221,4.0
621,13225,4.6
622,13235,6.4
623,13245,4.9
624,13273,6.4
625,13289,5.5
626,13295,4.3
627,13313,4.5
628,13321,5.1
629,15003,4.2
630,15009,4.1
631,16001,3.9
632,16005,5.0
633,16015,4.1
634,16019,3.6
635,16023,4.4
636,16027,5.2
637,16041,3.9
638,16045,6.9
639,16051,3.9
640,16055,7.1
641,16069,5.4
642,16073,4.2
643,17003,8.0
644,17007,6.2
645,17019,3.6
646,17039,5.0
647,17053,4.4
648,17073,5.1
649,17077,4.3
650,17091,5.2
651,17113,3.3
652,17115,6.1
653,17123,4.8
654,17129,4.0
655,17131,5.5
656,17143,5.0
657,17147,3.8
658,17161,4.6
659,17167,3.9
660,17175,6.8
661,17179,4.6
662,17183,6.6
663,17199,5.6
664,17201,5.8
665,17203,3.6
666,18003,4.2
667,18005,4.1
668,18007,3.5
669,18015,4.3
670,18021,5.5
671,18035,4.8
672,18039,4.7
673,18067,5.7
674,18091,4.9
675,18105,3.8
676,18119,4.6
677,18129,3.5
678,18141,4.6
679,18153,5.5
680,18157,3.5
681,18163,3.9
682,18165,5.3
683,18167,5.1
684,18173,3.5
685,18179,3.9
686,18183,4.5
687,19011,3.1
688,19013,3.4
689,19017,3.1
690,19049,2.4
691,19061,4.1
692,19075,2.7
693,19077,3.0
694,19085,3.6
695,19103,2.2
696,19105,3.8
697,19113,3.1
698,19121,3.4
699,19129,2.9
700,19149,2.9
701,19153,2.9
702,19155,3.1
703,19163,4.0
704,19169,2.1
705,19181,2.6
706,19183,2.8
707,19193,3.2
708,20015,4.0
709,20043,7.7
710,20045,3.3
711,20079,3.5
712,20085,4.4
713,20087,4.1
714,20095,3.6
715,20139,4.8
716,20149,3.9
717,20161,3.3
718,20173,4.1
719,20177,4.2
720,20191,4.2
721,20197,3.6
722,21003,6.0
723,21017,4.6
724,21019,6.5
725,21031,5.5
726,21047,6.7
727,21049,5.3
728,21059,5.1
729,21061,6.1
730,21067,3.7
731,21089,6.3
732,21091,5.9
733,21093,5.1
734,21101,4.7
735,21113,3.8
736,21123,4.9
737,21149,5.9
738,21163,5.2
739,21209,4.0
740,21221,5.7
741,21227,4.8
742,21239,3.9
743,22001,5.9
744,22005,5.4
745,22015,5.2
746,22017,5.9
747,22019,5.6
748,22023,5.1
749,22031,6.8
750,22033,5.1
751,22037,6.3
752,22043,6.6
753,22045,5.5
754,22047,7.3
755,22055,4.1
756,22057,4.4
757,22063,5.5
758,22073,5.3
759,22077,6.7
760,22079,5.8
761,22091,6.3
762,22099,6.3
763,22105,6.7
764,22109,4.6
765,22111,5.9
766,22113,5.5
767,22119,7.0
768,22121,5.5
769,22125,7.3
770,23001,3.9
771,23005,2.8
772,23019,4.0
773,23023,3.1
774,23031,3.3
775,24001,6.6
776,24037,3.5
777,24039,6.9
778,24043,4.6
779,24045,4.9
780,24047,6.8
781,25001,4.0
782,25003,3.6
783,25013,4.3
784,25015,2.8
785,25027,3.9
786,26015,4.6
787,26017,5.5
788,26021,5.6
789,26025,5.4
790,26027,4.8
791,26037,3.4
792,26045,3.7
793,26049,6.2
794,26065,4.0
795,26075,5.4
796,26077,4.3
797,26081,4.8
798,26111,4.4
799,26115,4.6
800,26117,6.3
801,26121,6.2
802,26139,4.2
803,26145,5.9
804,26159,5.5
805,26161,3.0
806,27009,4.3
807,27013,3.0
808,27017,5.7
809,27027,3.3
810,27039,3.4
811,27045,3.6
812,27055,4.3
813,27103,3.0
814,27109,2.8
815,27119,4.8
816,27137,5.7
817,27145,3.8
818,27157,3.3
819,28029,5.7
820,28035,4.3
821,28045,4.1
822,28047,4.3
823,28049,4.8
824,28059,5.6
825,28073,3.5
826,28089,3.8
827,28111,5.7
828,28121,3.4
829,28127,4.8
830,28163,6.7
831,29003,4.3
832,29017,5.8
833,29019,2.9
834,29021,5.0
835,29027,3.8
836,29031,3.8
837,29043,4.0
838,29051,3.4
839,29059,5.2
840,29063,4.8
841,29077,3.8
842,29097,4.3
843,29119,4.2
844,29135,4.3
845,29145,5.0
846,29151,4.8
847,29167,4.4
848,29225,4.5
849,30009,4.2
850,30013,4.5
851,30037,4.7
852,30063,4.0
853,30111,3.7
854,31025,3.2
855,31043,3.1
856,31051,2.5
857,31055,3.5
858,31079,3.3
859,31081,2.5
860,31093,3.0
861,31109,2.7
862,31121,3.0
863,31153,2.6
864,31155,3.2
865,31159,2.8
866,31177,2.8
867,32029,3.7
868,32031,4.3
869,32510,5.0
870,33011,3.5
871,34001,4.7
872,34009,6.6
873,34011,6.5
874,34021,3.7
875,34041,3.4
876,35001,4.2
877,35013,6.1
878,35043,4.7
879,35045,5.4
880,35049,3.6
881,35057,4.5
882,35061,4.8
883,36001,3.3
884,36007,4.3
885,36015,5.0
886,36043,4.5
887,36045,6.3
888,36053,4.5
889,36065,4.6
890,36067,4.0
891,36075,5.3
892,36083,3.8
893,36091,3.4
894,36093,3.4
895,36095,4.3
896,36107,4.1
897,36109,3.4
898,36111,3.8
899,36113,4.4
900,36115,4.0
901,37001,5.6
902,37003,5.9
903,37019,5.7
904,37021,4.3
905,37023,6.6
906,37027,6.6
907,37035,6.4
908,37037,4.1
909,37049,5.7
910,37051,6.1
911,37057,6.2
912,37059,5.3
913,37063,4.4
914,37065,8.3
915,37067,4.7
916,37081,5.1
917,37087,5.7
918,37089,4.3
919,37093,6.7
920,37103,5.7
921,37115,5.6
922,37127,6.4
923,37129,5.0
924,37133,5.5
925,37135,3.5
926,37137,5.6
927,37141,5.7
928,37145,6.9
929,37147,5.9
930,37151,5.6
931,37157,7.0
932,37169,5.3
933,37191,5.7
934,37197,5.2
935,38015,2.3
936,38017,2.1
937,38035,2.7
938,38059,3.1
939,38065,3.7
940,38085,4.8
941,39003,5.1
942,39013,5.7
943,39019,4.9
944,39023,5.2
945,39051,4.6
946,39057,4.0
947,39081,6.0
948,39087,6.5
949,39095,5.1
950,39099,5.9
951,39109,4.4
952,39113,4.7
953,39133,4.4
954,39139,5.3
955,39151,4.4
956,39153,4.7
957,39155,6.3
958,39173,4.0
959,40031,3.8
960,40033,3.5
961,40037,3.6
962,40079,5.2
963,40111,4.7
964,40113,3.4
965,40117,3.9
966,40131,3.0
967,40135,4.9
968,40143,3.3
969,40145,2.9
970,41003,4.4
971,41017,6.4
972,41029,6.5
973,41033,8.3
974,41039,6.8
975,41043,7.6
976,41047,6.4
977,41053,5.7
978,42001,3.9
979,42011,4.7
980,42013,5.6
981,42021,6.6
982,42025,5.7
983,42027,3.8
984,42037,5.8
985,42041,3.8
986,42043,4.3
987,42049,5.5
988,42055,4.6
989,42069,5.5
990,42071,3.4
991,42075,3.6
992,42077,4.4
993,42079,5.6
994,42081,5.4
995,42085,5.3
996,42089,4.7
997,42093,4.2
998,42095,4.3
999,42099,4.4
1000,42131,5.2
1001,42133,4.3
1002,45003,5.1
1003,45007,5.4
1004,45013,3.9
1005,45015,4.5
1006,45017,6.0
1007,45019,4.2
1008,45031,6.4
1009,45035,4.2
1010,45037,4.9
1011,45039,8.5
1012,45041,5.6
1013,45045,3.8
1014,45051,5.0
1015,45053,4.4
1016,45055,5.2
1017,45059,6.6
1018,45063,3.6
1019,45077,5.1
1020,45079,4.2
1021,45081,5.3
1022,45083,5.5
1023,45085,6.7
1024,45087,9.1
1025,46033,3.3
1026,46083,2.1
1027,46087,3.0
1028,46093,2.8
1029,46099,2.4
1030,46103,2.8
1031,46125,2.7
1032,46127,3.0
1033,47001,4.6
1034,47009,4.1
1035,47011,4.0
1036,47013,6.1
1037,47019,4.8
1038,47023,4.5
1039,47033,5.5
1040,47057,5.7
1041,47063,5.8
1042,47065,3.5
1043,47073,5.1
1044,47089,5.2
1045,47093,3.2
1046,47105,4.1
1047,47113,4.9
1048,47115,5.1
1049,47125,4.3
1050,47129,6.0
1051,47139,4.8
1052,47145,4.6
1053,47153,4.7
1054,47163,4.1
1055,47171,5.9
1056,47173,4.2
1057,47179,4.7
1058,48007,6.4
1059,48009,3.2
1060,48011,3.3
1061,48027,4.9
1062,48037,5.1
1063,48041,3.8
1064,48051,3.9
1065,48059,4.3
1066,48061,7.8
1067,48065,3.5
1068,48077,3.4
1069,48099,6.0
1070,48107,5.0
1071,48135,4.9
1072,48141,7.3
1073,48145,5.5
1074,48175,4.2
1075,48181,5.3
1076,48183,5.5
1077,48199,6.2
1078,48215,9.6
1079,48229,5.3
1080,48235,3.2
1081,48245,7.1
1082,48253,5.2
1083,48281,4.3
1084,48303,3.7
1085,48305,4.8
1086,48309,4.7
1087,48317,4.1
1088,48329,3.8
1089,48351,9.9
1090,48355,5.3
1091,48359,3.1
1092,48361,7.9
1093,48375,5.4
1094,48381,2.6
1095,48395,4.9
1096,48401,5.1
1097,48409,6.0
1098,48423,4.9
1099,48441,4.4
1100,48451,3.9
1101,48459,5.2
1102,48469,4.3
1103,48479,6.5
1104,48485,4.5
1105,49003,4.6
1106,49005,3.4
1107,49011,4.0
1108,49023,4.9
1109,49029,3.8
1110,49049,4.1
1111,49053,4.1
1112,49057,5.1
1113,50007,2.8
1114,50011,3.6
1115,50013,4.1
1116,51003,2.2
1117,51009,3.7
1118,51011,4.4
1119,51015,2.8
1120,51019,3.4
1121,51023,2.7
1122,51029,3.5
1123,51031,4.4
1124,51045,3.0
1125,51063,4.4
1126,51065,2.5
1127,51067,4.1
1128,51069,2.9
1129,51071,5.8
1130,51079,2.3
1131,51121,3.4
1132,51125,3.4
1133,51155,7.2
1134,51161,2.5
1135,51165,2.5
1136,51169,4.7
1137,51191,5.2
1138,51520,4.3
1139,51540,3.7
1140,51660,2.8
1141,51680,4.2
1142,51750,4.2
1143,51770,3.6
1144,51775,2.9
1145,51790,3.0
1146,51820,3.8
1147,51840,3.3
1148,53003,5.6
1149,53005,5.8
1150,53007,8.1
1151,53013,9.2
1152,53015,9.4
1153,53017,7.3
1154,53021,8.0
1155,53035,6.0
1156,53051,9.0
1157,53057,7.2
1158,53063,6.6
1159,53065,9.2
1160,53067,5.8
1161,53071,6.6
1162,53073,6.5
1163,53077,9.5
1164,54003,4.1
1165,54005,5.5
1166,54009,5.2
1167,54011,5.1
1168,54015,7.7
1169,54019,6.6
1170,54027,3.9
1171,54029,4.7
1172,54039,4.9
1173,54043,7.1
1174,54051,6.3
1175,54057,5.8
1176,54061,4.1
1177,54069,4.6
1178,54077,5.4
1179,54079,4.5
1180,54081,5.3
1181,54099,5.9
1182,54105,6.9
1183,54107,5.1
1184,55009,3.9
1185,55015,4.0
1186,55017,5.5
1187,55021,4.3
1188,55025,2.8
1189,55031,4.9
1190,55035,3.9
1191,55039,4.1
1192,55045,4.1
1193,55049,3.5
1194,55061,3.8
1195,55063,3.7
1196,55073,4.1
1197,55083,5.3
1198,55087,4.0
1199,55101,5.6
1200,55105,5.5
1201,55117,3.8
1202,55139,3.7
1203,56021,4.1
1204,56025,3.7
1205,72003,15.4
1206,72005,14.7
1207,72011,15.8
1208,72013,12.4
1209,72015,15.6
1210,72023,10.7
1211,72027,12.6
1212,72055,18.3
1213,72057,14.0
1214,72059,16.6
1215,72065,12.2
1216,72067,11.1
1217,72071,15.8
1218,72075,14.0
1219,72079,14.4
1220,72081,13.0
1221,72097,14.5
1222,72099,14.8
1223,72109,15.6
1224,72111,15.0
1225,72113,12.4
1226,72115,13.5
1227,72117,15.5
1228,72121,13.3
1229,72125,15.1
1230,72131,15.5
1231,72141,13.6
1232,72149,13.5
1233,72153,13.5
1234,1037,6.8
1235,1043,4.7
1236,1121,6.6
1237,4007,5.8
1238,5093,10.8
1239,5107,7.5
1240,5123,7.6
1241,6057,4.4
1242,8087,3.2
1243,9005,2.7
1244,12023,5.4
1245,12049,6.9
1246,12051,7.5
1247,12087,3.4
1248,12093,6.1
1249,12107,5.4
1250,13039,3.8
1251,13129,5.3
1252,13157,4.3
1253,13233,4.9
1254,13285,4.5
1255,13293,8.7
1256,17099,5.8
1257,17103,4.9
1258,17105,4.4
1259,17121,8.3
1260,17141,5.1
1261,18023,4.1
1262,18031,3.2
1263,18041,6.8
1264,18053,6.0
1265,18065,5.2
1266,18077,4.3
1267,18107,3.7
1268,20005,5.1
1269,20059,4.9
1270,21005,5.0
1271,21073,3.7
1272,21161,4.7
1273,21179,5.2
1274,22117,7.0
1275,24041,3.7
1276,26155,5.6
1277,27035,4.4
1278,27049,3.4
1279,27085,3.6
1280,27131,3.6
1281,28071,3.7
1282,28109,4.4
1283,29101,4.0
1284,29159,5.5
1285,29187,6.1
1286,29195,4.8
1287,32005,4.6
1288,32023,7.7
1289,33001,3.0
1290,33013,2.8
1291,36009,5.0
1292,36013,4.7
1293,36021,3.5
1294,36037,4.3
1295,36099,4.3
1296,36101,4.9
1297,37029,4.0
1298,37045,9.3
1299,37055,5.6
1300,37077,6.4
1301,37085,6.2
1302,37139,5.1
1303,37143,5.5
1304,37167,7.2
1305,37181,9.2
1306,37193,6.1
1307,37195,7.4
1308,39005,4.6
1309,39007,6.2
1310,39009,5.0
1311,39021,4.6
1312,39027,3.8
1313,39029,5.5
1314,39031,5.5
1315,39033,5.8
1316,39043,4.9
1317,39047,4.2
1318,39077,6.2
1319,39083,4.2
1320,39091,3.8
1321,39101,4.7
1322,39119,5.9
1323,39141,5.5
1324,39169,4.0
1325,40119,2.8
1326,40125,4.4
1327,40137,3.6
1328,41007,5.7
1329,41027,7.6
1330,41065,8.6
1331,42063,5.3
1332,42073,5.6
1333,42111,5.9
1334,42121,5.2
1335,47003,5.0
1336,47031,4.4
1337,47087,5.7
1338,47099,9.1
1339,47117,5.1
1340,47141,4.6
1341,47177,6.4
1342,48097,4.8
1343,48143,3.8
1344,48213,4.6
1345,48223,4.5
1346,48265,4.3
1347,48321,7.7
1348,48349,5.4
1349,48363,4.7
1350,48463,6.5
1351,48471,5.3
1352,48477,3.6
1353,48481,4.6
1354,49043,4.6
1355,49051,4.5
1356,53029,6.1
1357,53037,6.6
1358,53041,8.6
1359,53045,7.7
1360,55027,5.0
1361,55033,4.1
1362,55055,4.0
1363,55127,3.9
1364,72043,13.2
1365,72123,14.3
1366,1029,5.3
1367,1105,11.1
1368,1111,6.3
1369,1133,9.5
1370,4012,6.7
1371,5037,5.7
1372,6003,7.3
1373,6005,5.1
1374,6011,12.9
1375,8065,4.0
1376,12007,4.4
1377,12043,5.7
1378,12125,5.0
1379,13049,4.3
1380,13111,4.5
1381,13123,3.6
1382,13133,6.9
1383,13187,3.4
1384,13237,4.0
1385,13263,6.3
1386,17051,6.5
1387,17061,5.5
1388,17075,5.4
1389,17135,6.2
1390,17157,5.1
1391,17189,4.1
1392,18025,5.5
1393,18047,4.5
1394,18117,6.9
1395,18121,4.6
1396,18131,4.7
1397,18137,3.5
1398,18139,3.7
1399,18149,5.9
1400,18155,3.3
1401,18159,4.9
1402,20003,5.3
1403,20011,3.9
1404,21041,5.8
1405,21097,5.2
1406,21187,4.3
1407,21201,4.8
1408,21213,5.5
1409,22007,5.9
1410,24011,4.8
1411,24029,4.2
1412,26151,6.9
1413,26157,6.8
1414,27001,6.3
1415,27065,6.3
1416,27093,4.8
1417,27097,5.3
1418,27115,6.2
1419,27129,5.0
1420,27161,3.7
1421,28107,7.6
1422,28119,8.3
1423,28139,6.1
1424,28145,4.8
1425,29033,4.3
1426,29055,5.1
1427,29061,4.2
1428,29073,4.8
1429,29083,5.2
1430,29117,3.8
1431,29139,4.8
1432,29163,4.8
1433,29185,5.1
1434,29186,4.5
1435,29221,7.1
1436,32017,5.4
1437,33003,3.1
1438,36105,4.5
1439,36121,4.9
1440,37007,8.6
1441,37041,5.5
1442,37091,7.2
1443,37163,6.2
1444,37185,8.6
1445,39001,7.6
1446,39071,5.2
1447,39115,8.5
1448,39135,4.5
1449,39163,7.7
1450,40011,4.3
1451,40015,4.5
1452,40049,3.7
1453,40073,2.4
1454,40103,3.9
1455,40107,4.2
1456,41057,6.1
1457,42031,5.0
1458,42059,5.7
1459,42127,4.9
1460,45025,7.6
1461,47041,5.2
1462,47055,6.0
1463,47069,6.9
1464,47075,7.1
1465,47083,7.0
1466,47085,6.3
1467,47097,7.7
1468,47101,6.5
1469,47135,6.9
1470,48031,3.7
1471,48035,5.0
1472,48053,4.2
1473,48089,4.3
1474,48119,5.4
1475,48147,6.5
1476,48149,3.6
1477,48163,6.5
1478,48177,3.7
1479,48185,5.5
1480,48217,5.7
1481,48237,4.3
1482,48255,5.6
1483,48287,4.1
1484,48331,4.5
1485,48337,4.6
1486,48373,6.2
1487,48379,5.0
1488,48407,5.0
1489,48467,4.5
1490,51025,5.5
1491,51049,2.9
1492,51057,3.3
1493,51081,4.7
1494,51097,3.4
1495,51099,2.5
1496,51109,3.2
1497,51113,2.3
1498,51119,2.7
1499,51131,3.8
1500,51135,4.1
1501,51137,2.8
1502,51139,3.4
1503,51147,4.3
1504,51171,2.5
1505,51175,3.3
1506,51181,3.4
1507,51193,4.2
1508,51595,4.3
1509,51620,4.5
1510,53039,11.3
1511,53069,8.3
1512,55013,5.2
1513,55091,4.3
1514,55095,5.2
1515,1017,5.5
1516,1031,6.3
1517,1045,5.6
1518,1047,9.3
1519,1071,6.6
1520,1095,5.6
1521,1109,5.4
1522,4017,7.6
1523,4023,8.7
1524,5055,6.8
1525,5059,5.1
1526,5145,5.2
1527,5149,3.7
1528,6033,7.1
1529,6045,6.0
1530,6103,6.6
1531,6109,5.9
1532,8043,5.0
1533,8067,3.2
1534,8085,4.4
1535,12027,4.9
1536,13009,4.5
1537,13031,4.4
1538,13055,4.9
1539,13071,5.7
1540,13081,5.4
1541,13087,5.5
1542,13137,4.4
1543,13229,4.4
1544,13249,4.9
1545,13261,5.7
1546,13275,4.2
1547,13305,5.2
1548,16011,4.7
1549,16017,7.9
1550,16039,5.7
1551,16043,4.6
1552,16057,4.4
1553,16065,3.2
1554,16075,8.0
1555,17021,5.3
1556,17057,6.0
1557,17095,5.6
1558,17107,4.3
1559,17137,4.5
1560,17155,5.7
1561,17177,5.7
1562,17195,6.2
1563,18001,4.9
1564,18017,5.0
1565,18033,5.0
1566,18069,4.5
1567,18071,4.2
1568,18079,4.8
1569,18085,4.2
1570,18093,6.9
1571,18099,4.3
1572,18103,5.3
1573,18113,5.6
1574,18125,3.9
1575,18169,5.2
1576,19015,2.8
1577,19045,4.5
1578,19099,3.1
1579,19127,3.2
1580,19139,3.6
1581,20035,4.3
1582,20037,5.1
1583,20061,5.6
1584,20111,4.1
1585,20155,4.5
1586,21009,5.0
1587,21011,7.4
1588,21151,4.7
1589,21173,6.2
1590,22011,6.2
1591,22061,6.0
1592,22067,8.3
1593,22069,6.6
1594,22097,6.7
1595,22101,6.9
1596,23011,3.7
1597,24019,6.5
1598,25011,3.2
1599,26005,4.4
1600,26023,5.5
1601,26057,5.7
1602,26059,6.1
1603,26067,5.2
1604,26073,4.0
1605,26091,5.5
1606,26107,5.6
1607,26149,6.2
1608,27015,4.0
1609,27041,3.6
1610,27067,3.5
1611,27099,3.4
1612,27111,4.4
1613,27167,3.9
1614,27169,3.7
1615,28005,5.1
1616,28021,7.9
1617,28067,4.5
1618,28085,5.4
1619,28113,6.3
1620,28149,4.7
1621,29007,4.2
1622,29105,5.5
1623,29147,3.0
1624,29175,5.1
1625,29201,5.3
1626,29209,7.5
1627,29213,8.2
1628,31001,3.1
1629,31019,2.4
1630,31053,3.8
1631,31067,3.1
1632,32001,6.2
1633,32019,5.7
1634,33005,3.0
1635,35006,6.2
1636,35028,2.6
1637,35029,16.7
1638,35035,5.4
1639,35039,6.1
1640,35047,6.1
1641,36011,4.3
1642,36023,4.7
1643,36035,4.5
1644,36057,5.0
1645,36089,6.1
1646,37013,8.7
1647,37031,5.4
1648,37083,9.8
1649,37099,4.3
1650,37105,6.1
1651,37107,8.1
1652,37111,7.3
1653,37125,4.9
1654,37155,9.8
1655,37161,7.6
1656,37165,9.4
1657,37171,6.3
1658,37175,5.1
1659,38077,2.9
1660,39011,4.4
1661,39037,4.4
1662,39039,4.9
1663,39053,6.4
1664,39059,5.7
1665,39063,3.8
1666,39123,5.8
1667,39143,4.7
1668,39145,7.0
1669,39147,5.1
1670,39149,4.2
1671,39157,4.6
1672,39161,5.5
1673,39167,4.9
1674,40013,3.3
1675,40021,3.4
1676,40101,4.2
1677,40115,5.6
1678,40147,3.1
1679,41013,8.4
1680,41019,8.3
1681,41045,8.3
1682,41049,7.6
1683,41059,7.0
1684,42015,5.0
1685,42033,6.9
1686,42035,6.3
1687,42039,6.3
1688,42061,7.7
1689,42087,6.3
1690,42097,5.4
1691,42107,6.5
1692,42119,4.6
1693,42123,4.6
1694,45001,6.7
1695,45021,7.1
1696,45043,7.5
1697,45047,7.0
1698,45069,9.7
1699,45071,6.3
1700,45073,5.5
1701,45075,8.7
1702,46027,2.7
1703,46061,2.5
1704,46081,3.1
1705,47029,7.4
1706,47035,6.3
1707,47051,4.0
1708,47059,7.4
1709,47107,6.7
1710,47143,5.5
1711,47155,5.3
1712,48003,4.2
1713,48025,6.0
1714,48057,6.9
1715,48073,5.0
1716,48117,4.6
1717,48173,3.0
1718,48179,4.4
1719,48189,4.6
1720,48203,5.4
1721,48219,3.9
1722,48227,5.0
1723,48233,4.3
1724,48249,5.6
1725,48273,5.0
1726,48353,5.1
1727,48427,15.8
1728,48487,3.7
1729,48489,10.9
1730,48505,7.3
1731,49021,4.5
1732,50003,3.8
1733,50021,3.5
1734,50023,3.3
1735,51089,6.1
1736,51143,6.0
1737,51590,7.1
1738,51690,8.0
1739,53001,8.7
1740,53027,9.2
1741,53075,4.4
1742,54045,6.0
1743,54049,5.4
1744,54053,7.8
1745,54055,5.2
1746,54091,5.7
1747,55043,4.5
1748,55069,5.0
1749,55071,5.1
1750,55075,6.0
1751,55078,10.8
1752,55097,4.2
1753,55111,3.7
1754,55115,4.8
1755,55141,4.8
1756,56001,3.4
1757,72001,13.5
1758,72073,14.2
1759,72133,11.9
1760,1005,7.6
1761,1011,10.0
1762,1013,7.6
1763,1019,4.6
1764,1039,6.4
1765,1041,6.1
1766,1049,4.9
1767,1053,6.2
1768,1057,6.4
1769,1059,7.7
1770,1063,7.2
1771,1087,5.9
1772,1119,8.5
1773,1123,6.0
1774,4001,9.4
1775,5001,4.5
1776,5015,4.0
1777,5023,4.6
1778,5029,4.8
1779,5039,6.7
1780,5041,8.4
1781,5043,8.3
1782,5047,3.7
1783,5057,4.5
1784,5061,5.1
1785,5067,7.3
1786,5075,6.4
1787,5083,4.9
1788,5127,4.0
1789,5133,4.1
1790,5141,6.0
1791,6009,5.5
1792,6021,8.8
1793,6049,7.0
1794,6093,8.1
1795,6105,9.3
1796,8029,4.1
1797,8055,6.3
1798,8083,4.4
1799,8089,4.6
1800,12013,5.0
1801,12037,4.2
1802,12047,7.5
1803,12059,6.0
1804,12063,4.9
1805,12075,5.1
1806,12079,5.0
1807,12121,4.9
1808,12123,6.6
1809,12133,5.5
1810,13011,3.6
1811,13019,4.2
1812,13023,5.3
1813,13075,5.0
1814,13091,5.4
1815,13093,5.4
1816,13099,4.9
1817,13105,5.7
1818,13109,4.1
1819,13119,5.4
1820,13131,4.3
1821,13147,5.9
1822,13165,6.3
1823,13193,6.8
1824,13205,5.4
1825,13243,8.2
1826,13251,7.0
1827,13253,5.3
1828,13259,7.4
1829,13267,5.1
1830,13287,6.3
1831,13307,5.1
1832,13311,3.6
1833,13315,5.4
1834,13317,8.4
1835,16029,5.4
1836,16035,14.8
1837,16049,8.7
1838,16077,5.8
1839,16085,7.7
1840,16087,6.6
1841,17017,4.5
1842,17023,5.7
1843,17041,4.3
1844,17045,5.0
1845,17055,7.7
1846,17085,5.0
1847,17087,5.8
1848,17125,6.2
1849,17139,4.6
1850,17145,6.4
1851,17165,6.3
1852,17173,5.5
1853,17181,5.9
1854,17187,4.6
1855,17193,5.0
1856,18009,5.6
1857,18045,4.6
1858,18051,4.0
1859,18055,5.8
1860,18075,5.7
1861,18087,4.8
1862,18123,5.3
1863,18135,5.3
1864,18181,4.8
1865,19005,4.0
1866,19019,3.9
1867,19029,4.0
1868,19031,2.8
1869,19035,3.0
1870,19037,6.2
1871,19039,4.1
1872,19055,3.6
1873,19065,4.7
1874,19071,2.7
1875,19073,3.8
1876,19079,3.1
1877,19083,3.5
1878,19087,4.0
1879,19089,3.3
1880,19095,2.4
1881,19097,4.7
1882,19117,3.4
1883,19119,2.4
1884,19125,3.3
1885,19133,3.6
1886,19137,4.7
1887,19145,5.0
1888,19165,2.7
1889,19171,3.5
1890,19175,3.7
1891,20013,5.5
1892,20021,5.7
1893,20027,4.1
1894,20031,5.2
1895,20073,5.1
1896,20115,3.5
1897,20117,3.8
1898,20127,4.2
1899,20131,3.6
1900,21043,10.3
1901,21065,6.3
1902,21079,4.8
1903,21085,7.5
1904,21141,6.7
1905,21167,5.1
1906,21177,8.3
1907,21183,6.1
1908,21197,7.1
1909,21225,5.6
1910,21233,4.6
1911,22003,7.3
1912,22009,7.2
1913,22013,8.1
1914,22027,6.8
1915,22039,6.6
1916,22049,6.6
1917,22053,5.8
1918,22059,6.4
1919,22083,7.4
1920,22085,6.2
1921,22127,7.3
1922,23007,5.2
1923,23009,4.1
1924,23017,4.6
1925,23021,5.6
1926,23025,5.9
1927,23027,4.2
1928,26035,7.4
1929,26051,7.1
1930,26123,6.4
1931,27005,5.2
1932,27043,4.3
1933,27061,6.2
1934,27071,5.6
1935,27075,5.2
1936,27113,5.0
1937,27117,3.4
1938,27121,3.6
1939,27133,2.6
1940,27153,4.5
1941,27165,3.5
1942,28007,7.1
1943,28031,5.0
1944,28039,8.2
1945,28051,12.4
1946,28079,5.7
1947,28091,5.6
1948,28123,4.9
1949,28131,4.7
1950,28141,7.4
1951,29009,4.3
1952,29011,3.7
1953,29039,4.9
1954,29053,4.7
1955,29067,7.0
1956,29089,4.1
1957,29109,4.3
1958,29123,6.1
1959,29131,5.4
1960,29133,7.6
1961,29157,3.7
1962,29207,5.7
1963,29229,6.2
1964,30003,12.0
1965,30047,7.3
1966,30077,5.7
1967,30081,5.1
1968,31023,3.3
1969,31131,3.4
1970,31151,2.9
1971,31179,2.8
1972,31185,2.7
1973,35051,4.7
1974,35053,5.3
1975,36017,4.5
1976,36025,4.1
1977,36031,4.6
1978,36039,4.5
1979,36049,6.1
1980,37017,8.8
1981,37047,8.4
1982,37061,6.2
1983,37117,7.0
1984,37123,6.9
1985,38003,2.8
1986,38099,3.2
1987,39065,4.9
1988,39067,5.0
1989,39069,4.9
1990,39105,7.1
1991,39125,4.7
1992,39137,4.1
1993,39171,5.2
1994,40001,4.1
1995,40035,3.9
1996,40041,4.0
1997,40061,4.2
1998,40075,3.3
1999,40091,5.0
2000,40095,4.1
2001,40097,4.1
2002,40105,4.3
2003,40141,4.1
2004,41031,6.7
2005,42009,7.1
2006,42117,6.3
2007,45005,6.2
2008,45011,7.1
2009,45027,7.7
2010,45029,5.1
2011,45033,9.3
2012,45049,6.3
2013,45061,7.2
2014,45065,9.8
2015,45067,12.5
2016,45089,10.4
2017,46019,3.1
2018,46047,3.8
2019,46079,2.8
2020,46102,7.6
2021,47017,7.2
2022,47025,5.3
2023,47053,7.5
2024,47071,6.2
2025,47077,6.7
2026,47091,7.6
2027,47103,4.3
2028,47109,5.7
2029,47123,7.0
2030,47151,6.6
2031,47181,9.0
2032,48023,4.9
2033,48063,5.4
2034,48067,6.5
2035,48069,4.1
2036,48083,5.0
2037,48095,5.2
2038,48103,4.9
2039,48123,4.5
2040,48127,7.7
2041,48133,4.9
2042,48153,5.6
2043,48169,3.7
2044,48193,3.8
2045,48207,3.9
2046,48239,4.5
2047,48241,8.6
2048,48247,4.8
2049,48279,5.4
2050,48283,6.8
2051,48285,3.3
2052,48293,4.7
2053,48313,5.2
2054,48343,6.9
2055,48365,5.5
2056,48383,3.3
2057,48387,8.2
2058,48391,4.5
2059,48399,4.5
2060,48437,4.2
2061,48445,5.4
2062,48457,7.3
2063,48475,5.7
2064,48495,5.6
2065,48499,5.5
2066,49025,4.2
2067,49039,5.3
2068,50001,3.1
2069,51001,3.4
2070,51005,4.3
2071,51083,7.5
2072,51163,3.0
2073,51197,6.9
2074,51530,3.5
2075,51580,4.9
2076,51678,4.0
2077,53031,6.4
2078,53047,10.0
2079,54001,7.0
2080,54025,6.2
2081,54031,3.9
2082,54035,5.8
2083,54067,6.1
2084,54089,7.0
2085,54103,8.5
2086,55001,5.1
2087,55005,4.7
2088,55007,5.6
2089,55011,4.5
2090,55019,5.8
2091,55029,4.7
2092,55047,5.3
2093,55053,5.7
2094,55067,6.1
2095,55081,4.6
2096,55103,4.2
2097,55107,5.9
2098,55119,4.9
2099,55121,5.0
2100,55123,4.6
2101,55135,4.6
2102,55137,5.3
2103,56009,3.8
2104,1075,8.1
2105,1129,9.0
2106,2068,6.4
2107,5073,5.0
2108,5097,4.5
2109,5117,4.5
2110,6043,5.8
2111,6091,7.6
2112,8025,5.8
2113,8027,4.1
2114,8073,3.0
2115,12029,5.5
2116,12077,4.7
2117,13037,6.6
2118,13065,7.3
2119,13163,8.2
2120,13201,4.1
2121,13265,9.1
2122,13269,6.1
2123,13301,8.4
2124,13319,4.7
2125,16009,10.5
2126,16037,6.2
2127,16061,7.1
2128,16071,3.6
2129,16079,12.4
2130,17059,6.0
2131,17151,6.7
2132,17153,7.7
2133,18147,4.5
2134,18171,3.3
2135,19001,2.7
2136,19009,3.2
2137,19023,4.4
2138,19043,4.6
2139,19093,2.7
2140,19107,4.0
2141,19115,3.5
2142,20019,5.0
2143,20049,5.3
2144,20077,3.7
2145,21027,6.3
2146,21087,5.4
2147,21099,5.4
2148,21127,8.3
2149,21135,8.0
2150,21171,8.9
2151,21181,6.1
2152,21219,6.5
2153,22021,7.6
2154,22081,7.9
2155,23015,3.3
2156,24023,5.5
2157,26011,7.9
2158,26127,7.3
2159,27029,9.7
2160,27087,5.6
2161,27089,6.9
2162,27107,4.2
2163,27125,7.1
2164,28041,7.4
2165,28053,10.7
2166,28055,11.5
2167,28063,11.8
2168,28065,7.7
2169,28077,7.4
2170,28125,9.5
2171,28129,4.9
2172,28157,7.6
2173,29057,4.1
2174,29075,4.0
2175,29085,6.7
2176,29087,4.1
2177,29125,4.9
2178,29141,5.9
2179,30015,3.6
2180,30039,6.3
2181,30045,4.1
2182,30061,6.5
2183,30065,5.7
2184,30089,7.3
2185,30095,3.8
2186,30099,4.0
2187,30103,3.6
2188,31021,3.8
2189,31035,3.2
2190,31059,3.0
2191,31077,3.0
2192,31097,3.0
2193,31105,2.5
2194,31125,3.5
2195,31163,2.7
2196,31173,6.1
2197,36041,4.8
2198,36097,5.4
2199,37011,5.5
2200,37033,6.8
2201,37079,6.8
2202,37149,4.3
2203,37173,8.0
2204,37199,9.8
2205,38029,4.3
2206,38037,3.0
2207,38043,5.1
2208,38055,4.7
2209,38063,3.6
2210,38073,2.3
2211,38091,1.9
2212,38097,2.9
2213,39111,6.5
2214,40067,4.2
2215,42057,6.0
2216,42067,4.7
2217,42113,5.4
2218,42115,5.7
2219,46055,2.2
2220,46067,3.1
2221,46071,4.6
2222,46097,4.6
2223,46101,4.3
2224,46105,2.8
2225,46137,7.6
2226,47007,4.8
2227,47061,5.6
2228,47067,6.9
2229,47121,6.5
2230,47161,5.3
2231,48033,3.2
2232,48081,4.5
2233,48125,4.9
2234,48129,4.4
2235,48151,3.9
2236,48289,5.1
2237,48297,4.5
2238,48315,6.6
2239,48403,10.4
2240,48413,3.2
2241,48417,3.2
2242,48431,3.6
2243,48461,4.1
2244,49033,3.2
2245,50015,3.6
2246,51017,3.8
2247,51021,5.8
2248,51037,4.4
2249,51091,3.2
2250,51105,5.1
2251,51141,5.4
2252,53023,5.1
2253,53043,5.8
2254,54007,6.8
2255,54013,10.8
2256,54063,4.8
2257,54065,4.3
2258,54071,5.0
2259,54073,6.1
2260,54085,7.1
2261,54087,10.4
2262,54093,6.1
2263,54109,6.5
2264,55065,3.9
2265,55077,6.4
2266,72083,16.3
2267,72093,16.4
2268,2110,4.7
2269,2130,6.6
2270,4009,6.3
2271,5005,5.3
2272,5009,5.1
2273,5013,5.5
2274,5019,4.5
2275,5027,5.1
2276,5063,5.3
2277,5101,5.3
2278,5103,7.1
2279,5115,4.3
2280,5139,5.0
2281,6015,8.1
2282,6023,6.0
2283,6035,7.4
2284,8037,3.1
2285,8045,3.2
2286,8075,3.1
2287,8081,3.9
2288,8097,3.6
2289,8107,2.9
2290,8117,3.0
2291,13017,5.2
2292,13069,5.5
2293,13141,9.5
2294,13167,6.1
2295,13175,4.5
2296,13209,6.7
2297,13257,5.1
2298,13277,4.6
2299,13279,6.5
2300,13299,5.4
2301,15001,5.1
2302,15007,5.1
2303,16013,3.4
2304,16025,3.7
2305,16031,4.8
2306,16053,4.2
2307,16063,4.1
2308,16067,5.7
2309,16081,2.6
2310,16083,4.3
2311,17001,4.3
2312,17011,5.0
2313,17029,4.9
2314,17035,5.9
2315,17049,4.8
2316,17067,5.9
2317,17071,4.7
2318,17081,5.7
2319,17109,4.5
2320,17127,5.3
2321,17171,5.0
2322,18027,3.8
2323,18037,2.9
2324,18083,3.8
2325,18151,5.3
2326,18177,5.2
2327,19021,2.7
2328,19033,3.4
2329,19041,3.1
2330,19051,4.1
2331,19057,5.0
2332,19059,3.3
2333,19101,5.0
2334,19111,6.5
2335,19123,3.5
2336,19179,4.6
2337,19187,3.6
2338,19195,3.3
2339,20009,3.2
2340,20051,2.9
2341,20055,7.2
2342,20057,3.1
2343,20093,3.3
2344,20099,5.5
2345,20113,3.6
2346,20125,6.5
2347,20143,3.7
2348,20169,3.7
2349,20175,3.7
2350,21007,6.7
2351,21013,8.3
2352,21021,5.5
2353,21035,5.2
2354,21075,6.4
2355,21083,6.6
2356,21107,5.8
2357,21121,6.4
2358,21125,5.0
2359,21137,6.1
2360,21139,6.4
2361,21145,5.2
2362,21165,7.8
2363,21169,5.2
2364,21199,6.7
2365,21203,6.4
2366,21217,5.1
2367,21235,6.0
2368,22029,9.5
2369,22115,6.4
2370,25007,3.0
2371,26007,8.0
2372,26019,6.1
2373,26033,7.7
2374,26041,6.6
2375,26043,5.1
2376,26055,4.9
2377,26061,6.2
2378,26079,7.5
2379,26083,8.2
2380,26089,3.8
2381,26103,5.6
2382,26105,9.5
2383,26109,5.7
2384,26113,7.0
2385,26165,8.6
2386,27007,4.6
2387,27021,5.7
2388,27047,4.6
2389,27083,3.7
2390,27105,3.4
2391,27147,3.8
2392,28001,6.6
2393,28003,5.6
2394,28011,7.0
2395,28015,5.8
2396,28023,9.2
2397,28027,7.3
2398,28043,6.2
2399,28057,5.3
2400,28061,5.8
2401,28069,7.7
2402,28075,5.4
2403,28081,4.9
2404,28083,8.9
2405,28087,6.3
2406,28105,4.7
2407,28115,5.3
2408,28133,10.5
2409,28151,9.0
2410,29001,4.2
2411,29023,5.5
2412,29045,5.9
2413,29069,6.1
2414,29091,4.4
2415,29111,4.6
2416,29127,4.9
2417,29161,4.1
2418,29169,5.5
2419,29173,4.6
2420,29197,5.5
2421,30029,5.4
2422,30031,3.4
2423,30043,4.4
2424,30049,4.1
2425,30093,5.3
2426,31007,2.4
2427,31047,3.6
2428,31073,3.0
2429,31099,2.4
2430,31111,3.2
2431,31113,2.5
2432,31117,1.7
2433,31119,3.6
2434,31139,3.0
2435,31141,3.5
2436,31157,4.1
2437,31165,2.0
2438,31167,2.7
2439,32007,4.8
2440,32011,4.1
2441,32013,5.5
2442,33007,5.2
2443,33009,2.7
2444,33019,2.7
2445,35005,5.7
2446,35009,4.3
2447,35015,5.0
2448,35017,6.3
2449,35025,4.3
2450,35031,6.2
2451,35041,4.0
2452,35055,6.7
2453,36019,4.5
2454,36033,6.0
2455,36077,4.3
2456,37131,8.5
2457,37153,8.4
2458,37177,8.0
2459,37189,3.7
2460,38049,4.8
2461,38075,2.3
2462,38089,2.6
2463,38093,2.5
2464,38101,3.1
2465,38105,2.3
2466,39079,6.8
2467,39107,4.6
2468,40009,3.1
2469,40019,3.8
2470,40039,3.1
2471,40047,3.0
2472,40065,3.2
2473,40071,4.1
2474,40121,4.3
2475,40123,3.9
2476,40139,2.7
2477,40153,2.9
2478,41011,8.4
2479,41015,7.1
2480,41035,8.5
2481,41041,7.1
2482,41061,6.3
2483,42083,5.5
2484,42109,4.2
2485,46005,3.2
2486,46011,2.7
2487,46013,3.0
2488,46029,3.4
2489,46035,2.4
2490,46045,2.8
2491,46065,2.3
2492,46117,2.3
2493,46119,2.4
2494,46135,3.1
2495,47045,6.4
2496,47079,5.9
2497,47127,3.6
2498,47131,4.5
2499,47133,6.1
2500,47183,5.7
2501,48001,6.0
2502,48005,5.4
2503,48049,4.7
2504,48115,5.3
2505,48171,3.5
2506,48261,3.4
2507,48277,6.2
2508,48323,17.6
2509,48341,3.3
2510,48347,4.7
2511,48389,7.3
2512,48415,5.3
2513,48449,4.5
2514,48455,5.9
2515,48465,6.3
2516,49007,6.3
2517,49047,4.4
2518,50009,4.2
2519,50017,2.8
2520,50027,2.9
2521,51051,7.2
2522,51185,5.0
2523,51195,4.8
2524,51720,4.6
2525,53009,7.9
2526,53025,9.0
2527,54017,5.8
2528,54033,5.6
2529,54083,6.1
2530,55037,4.6
2531,56005,2.7
2532,56013,5.1
2533,56033,3.9
2534,56037,3.9
2535,56039,2.6
2536,56041,3.7
2537,4011,7.2
2538,5011,7.0
2539,5017,8.6
2540,5021,6.8
2541,5049,4.9
2542,5071,4.6
2543,5077,8.9
2544,5095,6.1
2545,5099,4.7
2546,5121,6.9
2547,5135,6.0
2548,5137,5.4
2549,13001,6.9
2550,13005,5.5
2551,13043,4.8
2552,13107,6.1
2553,13155,5.5
2554,13161,7.6
2555,13283,6.8
2556,13303,5.2
2557,13309,7.5
2558,16021,9.4
2559,16047,3.9
2560,17015,6.8
2561,17025,6.6
2562,17033,6.0
2563,17065,5.7
2564,17079,5.3
2565,17101,5.5
2566,17149,5.6
2567,17169,4.4
2568,17191,5.7
2569,18049,5.8
2570,18101,4.7
2571,19007,5.2
2572,19063,3.8
2573,19067,4.3
2574,19069,3.4
2575,19081,2.6
2576,19091,3.3
2577,19131,2.9
2578,19135,4.4
2579,19141,2.6
2580,19143,3.1
2581,19147,3.7
2582,19157,3.2
2583,19189,2.7
2584,19197,3.3
2585,20029,3.7
2586,20041,4.0
2587,20053,3.5
2588,20067,2.9
2589,20133,5.4
2590,20145,3.0
2591,20159,3.8
2592,20167,5.1
2593,20171,2.5
2594,20189,3.6
2595,21001,4.8
2596,21033,5.1
2597,21055,7.6
2598,21069,5.0
2599,21143,6.1
2600,21155,5.8
2601,21157,6.4
2602,21205,6.0
2603,21229,5.9
2604,21231,7.3
2605,22065,9.4
2606,26071,6.7
2607,26101,6.6
2608,26141,9.7
2609,26153,9.2
2610,27023,4.9
2611,27033,3.8
2612,27057,5.1
2613,27063,3.3
2614,27127,4.0
2615,27151,4.5
2616,27159,5.9
2617,27173,5.3
2618,28017,10.1
2619,28025,8.0
2620,28095,7.9
2621,28097,8.6
2622,28099,5.5
2623,28101,5.4
2624,28103,10.0
2625,28117,5.1
2626,28135,9.0
2627,28153,6.7
2628,28159,9.7
2629,28161,6.4
2630,29029,5.1
2631,29065,6.7
2632,29121,7.0
2633,29137,5.2
2634,29143,6.4
2635,29155,7.2
2636,29215,5.7
2637,30023,6.7
2638,30053,8.7
2639,30067,4.8
2640,30083,4.8
2641,30085,5.9
2642,31037,2.5
2643,31039,2.3
2644,31041,2.4
2645,31095,4.5
2646,31101,2.9
2647,31137,2.6
2648,32015,6.8
2649,35019,7.9
2650,35023,6.1
2651,35027,4.3
2652,36003,4.8
2653,37113,4.6
2654,37187,7.2
2655,38069,4.2
2656,39075,3.0
2657,39131,7.6
2658,39175,4.3
2659,40005,4.4
2660,40023,5.2
2661,40055,4.3
2662,40063,5.4
2663,40069,4.8
2664,40077,4.9
2665,40085,3.9
2666,40093,2.7
2667,40099,4.0
2668,40133,4.7
2669,40149,2.8
2670,40151,2.7
2671,42047,7.2
2672,42053,12.7
2673,42065,6.5
2674,42105,4.9
2675,45009,6.7
2676,46051,3.7
2677,47005,7.0
2678,47095,6.4
2679,47185,5.8
2680,48017,4.7
2681,48047,5.9
2682,48093,4.1
2683,48131,6.4
2684,48159,4.2
2685,48161,4.5
2686,48165,4.5
2687,48195,2.9
2688,48197,3.8
2689,48225,5.3
2690,48267,3.3
2691,48307,5.9
2692,48335,5.7
2693,48369,3.6
2694,48411,4.4
2695,48419,5.5
2696,48501,4.3
2697,48507,13.3
2698,49001,3.8
2699,49013,5.2
2700,49037,8.3
2701,50005,3.9
2702,50025,3.2
2703,51035,7.0
2704,51117,6.0
2705,51167,6.5
2706,51640,6.1
2707,53049,8.4
2708,54041,5.8
2709,54059,6.8
2710,54095,6.3
2711,54097,5.6
2712,55023,5.1
2713,55057,6.4
2714,55085,5.5
2715,56007,4.4
2716,56015,4.0
2717,56017,4.1
2718,56019,3.9
2719,56023,3.9
2720,56045,4.2
2721,1023,7.2
2722,1027,6.1
2723,1131,10.2
2726,5065,5.7
2727,5089,5.4
2728,5109,4.5
2729,5129,5.0
2730,5147,6.3
2731,8007,3.9
2732,8049,3.0
2733,8057,3.5
2734,8091,2.9
2735,8095,2.8
2736,8103,2.7
2737,8111,6.8
2738,8115,2.8
2739,8121,2.7
2740,13003,6.2
2741,13241,3.9
2742,17009,3.2
2743,19025,3.3
2744,19151,3.5
2745,19161,2.9
2746,19173,4.1
2747,19177,4.3
2748,20017,3.7
2749,20025,2.6
2750,20047,2.9
2751,20069,2.6
2752,20075,2.9
2753,20081,2.8
2754,20083,3.3
2755,20097,3.2
2756,20105,3.6
2757,20119,2.9
2758,20163,3.5
2759,20165,3.6
2760,20185,3.3
2761,20195,3.0
2762,20205,5.9
2763,21039,6.5
2764,21045,6.8
2765,21051,7.5
2766,21057,5.7
2767,21095,7.7
2768,21105,5.8
2769,21109,8.2
2770,21131,6.1
2771,21133,6.3
2772,21147,9.6
2773,21207,6.3
2774,22025,9.2
2775,22107,8.5
2776,22123,10.8
2777,26001,10.4
2778,26003,6.4
2779,26009,6.6
2780,26013,9.2
2781,26085,7.8
2782,26095,6.8
2783,26097,9.0
2784,26119,10.4
2785,26131,7.7
2786,26133,6.9
2787,27051,5.4
2788,27081,3.5
2789,27101,3.7
2790,28013,8.2
2791,28019,9.0
2792,28037,7.0
2793,28147,6.0
2794,28155,9.0
2795,29005,3.3
2796,29015,6.2
2797,29035,6.3
2798,29041,5.4
2799,29093,6.6
2800,29103,4.3
2801,29149,4.7
2802,29153,5.3
2803,29171,3.9
2804,29181,6.1
2805,29199,3.7
2806,29203,6.4
2807,29205,5.3
2808,29211,4.1
2809,29223,7.1
2810,29227,3.5
2811,30007,4.4
2812,30057,4.5
2813,30059,5.8
2814,31003,3.1
2815,31005,3.3
2816,31009,2.6
2817,31011,3.1
2818,31027,2.5
2819,31061,3.0
2820,31063,2.3
2821,31083,2.7
2822,31085,2.9
2823,31107,3.7
2824,31123,3.2
2825,31133,3.4
2826,31135,2.2
2827,31143,2.7
2828,31171,5.4
2829,31181,2.8
2830,32009,7.3
2831,32027,4.7
2832,35003,6.2
2833,35033,9.9
2834,37005,8.6
2835,37009,8.1
2836,37095,7.3
2837,37121,9.1
2838,38007,2.2
2839,38009,3.2
2840,38013,3.0
2841,38021,2.4
2842,38023,2.7
2843,38025,3.3
2844,38031,2.9
2845,38041,2.7
2846,38045,3.0
2847,38047,2.8
2848,38053,2.7
2849,38061,4.1
2850,38081,3.1
2851,39121,5.8
2852,40003,3.0
2853,40007,2.6
2854,40025,2.8
2855,40029,5.3
2856,40043,2.8
2857,40045,2.6
2858,40053,2.8
2859,40057,3.4
2860,40059,2.9
2861,40129,2.3
2862,41055,10.1
2863,41063,9.2
2864,41069,8.1
2865,42023,8.5
2866,46003,2.6
2867,46009,3.4
2868,46025,4.9
2869,46037,5.1
2870,46039,3.9
2871,46043,2.5
2872,46049,2.8
2873,46057,3.4
2874,46059,2.5
2875,46069,2.6
2876,46073,2.9
2877,46075,1.9
2878,46077,3.1
2879,46085,4.2
2880,46089,3.3
2881,46091,5.2
2882,46107,3.4
2883,46109,4.6
2884,46111,2.9
2885,46115,3.5
2886,47027,6.8
2887,47049,8.5
2888,47137,8.7
2889,47175,6.1
2890,48079,5.5
2891,48087,3.7
2892,48155,3.8
2893,48263,3.2
2894,48271,6.8
2895,48319,2.9
2896,48333,3.6
2897,48385,5.6
2898,48393,2.5
2899,48405,5.6
2900,48421,2.8
2901,48483,3.9
2902,49009,4.7
2903,49015,6.6
2904,51027,6.1
2905,54021,5.8
2906,54047,8.4
2907,54075,7.1
2908,56011,3.5
2909,56035,2.6
2910,1025,9.9
2911,1035,7.4
2912,1091,6.0
2913,1093,8.8
2914,1099,7.3
2915,2016,5.8
2916,2050,9.8
2917,2122,8.1
2918,2150,8.8
2919,2180,9.6
2920,2185,7.4
2921,2188,9.8
2923,2220,4.7
2924,2261,8.6
2925,5003,7.3
2926,5113,4.6
2927,6027,4.6
2928,6051,4.7
2929,8003,4.2
2930,8015,4.0
2931,8051,3.3
2932,8063,2.5
2933,8071,4.6
2934,8099,3.2
2935,8105,5.4
2936,8125,2.3
2937,13239,7.6
2938,13271,11.7
2939,16007,4.7
2940,16059,7.5
2941,17159,6.1
2942,17185,5.3
2943,19027,2.5
2944,19047,3.1
2945,19109,2.9
2946,19167,2.4
2947,19191,2.9
2948,20001,6.1
2949,20123,3.6
2950,20137,3.6
2951,20147,3.0
2952,20151,2.9
2953,20181,3.1
2954,20193,2.9
2955,21071,6.7
2956,21115,6.1
2957,21175,8.3
2958,21193,6.7
2959,21195,5.7
2960,22035,11.7
2961,22041,8.5
2962,23003,4.5
2963,23013,3.0
2964,23029,6.6
2965,25019,1.7
2966,26029,6.1
2967,26031,9.8
2968,26047,6.3
2969,26053,7.3
2970,26063,7.5
2971,26069,9.5
2972,26129,7.6
2973,26137,6.1
2974,26143,6.8
2975,27091,3.9
2976,27135,3.5
2977,27149,3.4
2978,29079,4.2
2979,29081,3.6
2980,29115,6.4
2981,29217,3.7
2982,30001,3.5
2983,30017,4.1
2984,30021,3.6
2985,30027,5.3
2986,30035,7.5
2987,30041,4.4
2988,30073,4.4
2989,30101,3.6
2990,30105,4.2
2991,31013,4.4
2992,31031,2.2
2993,31033,2.4
2994,31045,2.9
2995,31089,3.1
2996,31127,3.5
2997,31145,2.6
2998,31147,4.7
2999,32021,7.4
3000,32033,4.5
3001,35007,5.2
3002,35037,5.4
3003,35059,3.5
3004,37015,8.0
3005,38057,4.0
3006,38071,3.1
3007,40089,5.3
3008,41001,8.5
3009,41025,12.3
3010,46123,3.0
3011,46129,3.6
3012,48043,4.0
3013,48075,4.9
3014,48105,3.5
3015,48111,3.1
3016,48205,3.2
3017,48211,2.7
3018,48299,4.7
3019,48357,3.1
3020,48371,5.1
3021,48377,15.4
3022,48429,4.1
3023,48435,3.3
3024,48503,4.9
3025,49019,6.9
3026,49027,4.1
3027,49041,4.6
3028,50019,5.1
3029,51173,6.5
3030,55003,5.9
3031,55129,5.9
3032,56029,4.2
3033,56031,4.2
3034,56043,4.3
3035,2013,8.2
3036,2060,5.4
3037,2070,8.0
3038,2100,9.8
3039,2158,15.3
3040,2164,6.2
3042,2240,12.8
3044,2282,8.8
3045,2290,10.8
3046,6063,7.6
3047,8009,3.0
3048,8011,4.3
3049,8017,2.3
3050,8021,6.2
3051,8023,8.3
3052,8033,5.1
3053,8053,3.4
3054,8061,2.8
3055,8079,3.7
3056,8109,6.0
3057,8113,3.8
3058,12067,5.2
3059,13061,5.9
3060,13125,4.5
3061,13281,3.8
3062,13291,3.7
3063,16003,11.3
3064,16033,5.4
3065,17047,4.9
3066,17069,6.9
3067,19003,4.2
3068,19053,3.4
3069,19159,3.1
3070,19185,3.5
3071,20007,3.4
3072,20023,3.1
3073,20033,2.7
3074,20039,2.8
3075,20063,2.6
3076,20065,3.3
3077,20071,3.4
3078,20089,2.9
3079,20101,3.6
3080,20109,3.1
3081,20129,2.8
3082,20135,2.8
3083,20141,3.6
3084,20153,3.4
3085,20157,3.4
3086,20179,2.6
3087,20183,3.4
3088,20187,2.5
3089,20199,2.8
3090,20201,3.7
3091,20203,3.2
3092,20207,6.3
3093,21025,7.6
3094,21053,6.2
3095,21063,8.8
3096,21119,6.8
3097,21129,7.2
3098,21153,10.0
3099,21159,6.6
3100,21189,6.8
3101,21237,8.8
3102,26039,5.7
3103,26135,9.0
3104,27011,4.3
3105,27031,4.6
3106,27069,5.2
3107,27073,4.0
3108,27077,4.5
3109,27155,4.6
3110,29129,3.4
3111,29179,7.7
3112,30005,4.7
3113,30011,3.3
3114,30019,4.5
3115,30025,2.9
3116,30033,3.2
3117,30051,4.0
3118,30055,2.9
3119,30069,4.5
3120,30071,4.2
3121,30075,3.2
3122,30079,5.4
3123,30087,6.0
3124,30091,4.1
3125,30097,3.0
3126,30107,4.1
3127,30109,3.7
3128,31015,3.5
3129,31017,3.4
3130,31029,2.5
3131,31049,2.7
3132,31057,2.4
3133,31065,2.7
3134,31069,3.2
3135,31071,2.7
3136,31075,2.6
3137,31087,3.6
3138,31091,3.7
3139,31103,2.5
3140,31115,2.9
3141,31129,2.9
3142,31149,3.1
3143,31161,2.7
3144,31169,3.3
3145,31175,3.1
3146,31183,2.3
3147,35011,5.0
3148,35021,4.3
3149,37039,8.8
3150,37043,4.9
3151,37075,9.0
3152,38001,2.6
3153,38005,5.7
3154,38011,2.1
3155,38019,3.1
3156,38027,4.1
3157,38033,2.3
3158,38039,2.3
3159,38051,2.7
3160,38067,4.2
3161,38079,8.2
3162,38083,5.1
3163,38087,2.3
3164,38095,2.8
3165,38103,3.8
3166,40127,5.9
3167,41021,5.9
3168,41023,9.2
3169,41037,9.3
3170,46007,3.8
3171,46015,2.5
3172,46017,8.4
3173,46021,4.7
3174,46023,3.1
3175,46031,5.9
3176,46041,8.9
3177,46053,3.4
3178,46063,2.6
3179,46095,4.0
3180,46121,5.0
3181,47039,6.9
3182,48045,4.0
3183,48101,4.8
3184,48109,4.7
3185,48137,4.5
3186,48191,5.4
3187,48243,3.7
3188,48269,2.9
3189,48275,4.3
3190,48295,3.4
3191,48301,6.3
3192,48311,3.9
3193,48327,4.5
3194,48345,3.5
3195,48433,4.3
3196,48443,5.1
3197,48447,3.1
3198,49017,7.9
3199,49031,5.7
3200,49055,5.1
3201,51077,7.7
3202,51103,6.3
3203,51111,4.6
3204,51133,5.2
3205,51159,4.2
3206,53019,11.3
3207,53055,4.8
3208,54023,4.7
3209,54101,7.2
3210,55041,6.2
3211,55051,7.8
3212,55099,5.5
3213,55113,5.8
3214,55125,5.4
3215,56003,4.7
3216,56027,4.0
3217,72049,7.3
3218,72147,13.9
3219,0,4.7
3220,1000,5.2
3221,2000,6.3
3222,2201,15.1
3223,2232,11.6
3224,2280,10.1
3225,4000,4.7
3226,5000,4.8
3227,6000,5.5
3228,8000,3.8
3229,9000,2.9
3230,10000,3.6
3231,11000,6.5
3232,12000,4.4
3233,13000,4.1
3234,15000,4.3
3235,16000,5.1
3236,17000,5.4
3237,18000,4.2
3238,19000,3.3
3239,20000,4.3
3240,21000,5.2
3241,22000,5.6
3242,23000,3.8
3243,24000,4.2
3244,25000,3.8
3245,26000,5.2
3246,27000,3.8
3247,28000,5.5
3248,29000,4.5
3249,30000,4.6
3250,31000,3.1
3251,32000,5.2
3252,33000,3.4
3253,34000,4.2
3254,35000,5.0
3255,36000,4.9
3256,37000,5.6
3257,38000,2.8
3258,39000,4.4
3259,40000,3.6
3260,41000,6.4
3261,42000,4.8
3262,44000,4.5
3263,45000,5.3
3264,46000,3.0
3265,47000,4.5
3266,48000,5.0
3267,49000,4.4
3268,50000,3.3
3269,51000,3.3
3270,53000,6.0
3271,54000,5.4
3272,55000,4.4
3273,56000,3.8
3274,72000,11.4
