,art_1,art_2,art_3,art_4,art_5,art_6,art_7,art_8,art_9,art_10
bakhuysen  ludolf,21,45,743,787,1008,1015,1074,1135,1405,1812
berchem  nicolaes pietersz ,281,494,717,764,872,1063,1233,1784,1832,2434
bol  ferdid,298,665,710,718,720,809,819,1164,1359,1778
borch  gerard ter  ii ,722,844,1105,1271,1445,1496,1507,1919,2451,2474
dijk  philip van,313,1018,1027,1171,1932,2067,2140,2177,2264,2783
dujardin  karel,175,226,774,929,1599,3001,3039,3203,3218,3247
dyck  anthony van,293,520,592,638,1115,1544,1698,2229,2612,2618
flinck  govert,668,921,988,1463,2012,2047,2246,2417,2518,3176
geest  wybrand de,0,65,122,679,746,825,863,1184,1769,2172
goyen  jan van,289,535,852,1016,1472,1511,1588,1666,2456,2520
halen  arnoud van,754,1048,1071,1284,1380,1589,1692,2062,2309,2371
hals  frans,191,232,312,482,556,1985,2315,3009,3128,3155
heemskerck  maarten van,165,564,903,1302,1716,1867,2348,2386,2680,2716
hillegaert  pauwels van,27,216,310,621,973,1335,1657,2112,2670,3391
hodges  charles howard,50,538,768,998,1134,1214,1224,1500,1560,1873
hondecoeter  melchior d ,280,415,448,877,933,989,1030,1100,1529,1678
honthorst  gerard van,78,380,488,547,712,932,952,1435,1726,1894
kruseman  cornelis,4,94,498,577,614,658,676,835,1102,1166
lairesse  gerard de,79,631,703,763,778,1261,1889,2100,2385,2596
lelie  adriaan de,18,46,323,727,911,1268,1404,1844,2282,2285
lingelbach  johannes,400,431,690,968,991,1070,1878,2533,2659,3081
maes  nicolaes,31,37,91,377,647,734,914,1412,1537,1777
maris  jacob,112,130,132,212,728,796,2159,2486,3314,3324
maris  matthijs,203,243,300,382,851,879,1862,2194,3331,3589
meester van alkmaar,661,749,957,958,1038,1256,1482,1546,1980,2232
mierevelt  michiel jansz  van,67,286,432,512,531,565,926,1032,1043,1199
musscher  michiel van,597,1005,1028,1255,1396,1448,1616,1687,2266,2896
neer  aert van der,235,724,1086,1682,2368,2669,2706,2908,2942,3139
netscher  caspar,28,187,385,546,782,849,1696,1740,1780,1910
os  pieter gerardus van,342,419,619,737,954,1735,1866,1944,2912,3273
ostade  adriaen van,371,1208,1330,1439,1759,1767,1914,2209,2563,2588
pieneman  jan willem,585,721,1083,1126,1205,1275,1321,1502,1771,2104
pieneman  nicolaas,213,221,779,1245,1508,1725,1731,2032,2354,2367
poelenburch  cornelis van,25,416,635,936,1183,1485,1617,2091,2463,2542
quinkhard  jan maurits,412,524,791,1149,1295,1296,1411,1442,1587,1833
ravesteyn  jan antonisz  van,19,329,374,403,445,925,994,1022,1106,1152
rembrandt harmensz  van rijn,138,201,527,820,881,1001,1177,1234,1307,1532
ruisdael  jacob isaacksz  van,364,463,859,941,1062,1386,1810,1849,1987,2470
schalcken  godfried,2,912,956,1176,1310,2480,2615,2827,2901,3217
scorel  jan van,127,516,1383,1613,1680,1772,2224,2598,3338,3428
steen  jan havicksz ,308,369,407,567,738,888,960,1165,1201,1243
troost  cornelis,69,211,272,583,683,910,1145,1193,1528,1624
vanmour  jean baptiste,82,101,197,247,302,334,370,459,509,655
veen  otto van,233,264,322,652,1169,1563,1890,2703,2792,2968
velde  adriaen van de,125,495,613,723,841,1309,1634,1727,1957,2384
velde  willem van de  i ,309,479,480,753,798,1150,1370,1607,1996,2044
velde  willem van de  ii ,257,410,735,770,1045,1263,1758,1787,1947,2063
venne  adriaen pietersz  van de,192,225,433,574,826,1241,1288,1325,1426,1591
werff  adriaen van der,907,1073,1340,1711,1815,1829,1856,2057,2453,3191
werff  pieter van der,9,11,108,297,477,492,671,705,830,939
wit  jacob de,336,1034,1143,2022,2166,2211,2447,2546,3307,3390
wouwerman  philips,270,629,637,873,922,1387,1606,1643,1958,2001
